2014-03-26,10143.57020187378,0
2014-03-27,10341.630088806152,0
2014-03-28,10341.630088806152,0
2014-03-31,10498.830291748047,0
2014-04-01,10526.790061950684,0
2014-04-02,10687.670127868652,0
2014-04-03,10687.670127868652,0
2014-04-04,10733.170181274414,0
2014-04-07,10826.63052368164,0
2014-04-08,10826.63052368164,0
2014-04-09,11044.770305633545,0
2014-04-10,11044.770305633545,0
2014-04-11,11044.770305633545,0
2014-04-14,11176.970373153687,0
2014-04-15,11442.210340499878,0
2014-04-16,11496.24041557312,0
2014-04-17,11496.24041557312,0
2014-04-21,11496.24041557312,0
2014-04-22,11496.24041557312,0
2014-04-23,11560.560674667358,0
2014-04-24,11708.46099281311,0
2014-04-25,11838.38140296936,0
2014-04-28,11838.38140296936,0
2014-04-29,12034.371751785278,0
2014-04-30,12034.371751785278,0
2014-05-01,12141.591745376587,0
2014-05-02,12216.832262039185,0
2014-05-05,12216.832262039185,0
2014-05-06,12411.822454452515,0
2014-05-07,12411.822454452515,0
2014-05-08,12411.822454452515,0
2014-05-09,12411.822454452515,0
2014-05-12,12411.822454452515,0
2014-05-13,12411.822454452515,0
2014-05-14,12411.822454452515,0
2014-05-15,12590.222455978394,0
2014-05-16,12590.222455978394,0
2014-05-19,12751.432348251343,0
2014-05-20,12751.432348251343,0
2014-05-21,12751.432348251343,0
2014-05-22,12751.432348251343,0
2014-05-23,12858.702192306519,0
2014-05-27,12858.702192306519,0
2014-05-28,12931.622007369995,0
2014-05-29,13074.892431259155,0
2014-05-30,13167.802610397339,0
2014-06-02,13167.802610397339,0
2014-06-03,13233.962285995483,0
2014-06-04,13233.962285995483,0
2014-06-05,13474.722574234009,0
2014-06-06,13474.722574234009,0
2014-06-09,13474.722574234009,0
2014-06-10,13627.742490768433,0
2014-06-11,13705.593175888062,0
2014-06-12,13804.073331832886,0
2014-06-13,13989.39349937439,0
2014-06-16,13989.39349937439,0
2014-06-17,13989.39349937439,0
2014-06-18,14012.97332572937,0
2014-06-19,14212.563581466675,0
2014-06-20,14271.913633346558,0
2014-06-23,14448.893552780151,0
2014-06-24,14448.893552780151,0
2014-06-25,14448.893552780151,0
2014-06-26,14448.893552780151,0
2014-06-27,14448.893552780151,0
2014-06-30,14611.243604660034,0
2014-07-01,14611.243604660034,0
2014-07-02,14783.383619308472,0
2014-07-03,14783.383619308472,0
2014-07-07,15128.783056259155,0
2014-07-08,15128.783056259155,0
2014-07-09,15128.783056259155,0
2014-07-10,15279.682409286499,0
2014-07-11,15279.682409286499,0
2014-07-14,15279.682409286499,0
2014-07-15,15279.682409286499,0
2014-07-16,15473.51238822937,0
2014-07-17,15553.612546920776,0
2014-07-18,15680.752866744995,0
2014-07-21,15839.292417526245,0
2014-07-22,15966.952844619751,0
2014-07-23,16101.012502670288,0
2014-07-24,16471.802755355835,0
2014-07-25,16471.802755355835,0
2014-07-28,16586.49254798889,0
2014-07-29,16841.892122268677,0
2014-07-30,16841.892122268677,0
2014-07-31,17003.77209663391,0
2014-08-01,17003.77209663391,0
2014-08-04,17245.492433547974,0
2014-08-05,17444.122659683228,0
2014-08-06,17444.122659683228,0
2014-08-07,17444.122659683228,0
2014-08-08,17930.32264137268,0
2014-08-11,17930.32264137268,0
2014-08-12,17930.32264137268,0
2014-08-13,17930.32264137268,0
2014-08-14,17930.32264137268,0
2014-08-15,18140.783071517944,0
2014-08-18,18140.783071517944,0
2014-08-19,18244.043325424194,0
2014-08-20,18395.823232650757,0
2014-08-21,18395.823232650757,0
2014-08-22,18395.823232650757,0
2014-08-25,18481.922788619995,0
2014-08-26,18716.192819595337,0
2014-08-27,18824.37320137024,0
2014-08-28,18824.37320137024,0
2014-08-29,18895.21391105652,0
2014-09-02,19471.814611434937,0
2014-09-03,19970.23483467102,0
2014-09-04,15188.785402297974,5000
2014-09-05,15299.195306777954,5000
2014-09-08,15299.195306777954,5000
2014-09-09,15299.195306777954,5000
2014-09-10,15578.165056228638,5000
2014-09-11,15862.505243301392,5000
2014-09-12,15862.505243301392,5000
2014-09-15,16188.454858779907,5000
2014-09-16,16407.08571434021,5000
2014-09-17,16407.08571434021,5000
2014-09-18,16407.08571434021,5000
2014-09-19,16676.846364974976,5000
2014-09-22,16676.846364974976,5000
2014-09-23,16676.846364974976,5000
2014-09-24,16764.856344223022,5000
2014-09-25,16905.346815109253,5000
2014-09-26,16905.346815109253,5000
2014-09-29,16972.936391830444,5000
2014-09-30,17539.566495895386,5000
2014-10-01,17688.95615196228,5000
2014-10-02,17688.95615196228,5000
2014-10-03,17688.95615196228,5000
2014-10-06,18138.665365219116,5000
2014-10-07,18372.585920333862,5000
2014-10-08,18372.585920333862,5000
2014-10-09,18372.585920333862,5000
2014-10-10,18372.585920333862,5000
2014-10-13,18623.486066818237,5000
2014-10-14,18623.486066818237,5000
2014-10-15,19164.445363998413,5000
2014-10-16,19164.445363998413,5000
2014-10-17,19164.445363998413,5000
2014-10-20,19164.445363998413,5000
2014-10-21,19252.43514060974,5000
2014-10-22,19252.43514060974,5000
2014-10-23,19252.43514060974,5000
2014-10-24,19252.43514060974,5000
2014-10-27,19522.26447868347,5000
2014-10-28,19724.97452735901,5000
2014-10-29,19724.97452735901,5000
2014-10-30,19919.80314064026,5000
2014-10-31,19919.80314064026,5000
2014-11-03,15037.313032150269,10000
2014-11-04,15263.303777694702,10000
2014-11-05,15642.953866958618,10000
2014-11-06,15900.583780288696,10000
2014-11-07,16076.554067611694,10000
2014-11-10,16581.31387901306,10000
2014-11-11,16826.034070968628,10000
2014-11-12,16826.034070968628,10000
2014-11-13,16826.034070968628,10000
2014-11-14,17184.00391960144,10000
2014-11-17,17254.38387107849,10000
2014-11-18,17254.38387107849,10000
2014-11-19,17432.184392929077,10000
2014-11-20,17432.184392929077,10000
2014-11-21,17615.24442100525,10000
2014-11-24,17830.043523788452,10000
2014-11-25,17925.373205184937,10000
2014-11-26,18008.712419509888,10000
2014-11-28,18166.232397079468,10000
2014-12-01,19076.852361679077,10000
2014-12-02,19545.052465438843,10000
2014-12-03,19545.052465438843,10000
2014-12-04,19545.052465438843,10000
2014-12-05,19715.672674179077,10000
2014-12-08,19825.802324295044,10000
2014-12-09,15074.15200996399,15000
2014-12-10,15392.422456741333,15000
2014-12-11,15392.422456741333,15000
2014-12-12,15765.392393112183,15000
2014-12-15,15765.392393112183,15000
2014-12-16,16537.86245918274,15000
2014-12-17,17237.082025527954,15000
2014-12-18,17237.082025527954,15000
2014-12-19,17655.851781845093,15000
2014-12-22,17655.851781845093,15000
2014-12-23,18092.63129234314,15000
2014-12-24,18448.591276168823,15000
2014-12-26,18524.771299362183,15000
2014-12-29,18660.181177139282,15000
2014-12-30,18941.201009750366,15000
2014-12-31,18941.201009750366,15000
2015-01-02,18941.201009750366,15000
2015-01-05,18941.201009750366,15000
2015-01-06,18941.201009750366,15000
2015-01-07,18941.201009750366,15000
2015-01-08,19290.60118675232,15000
2015-01-09,19290.60118675232,15000
2015-01-12,19290.60118675232,15000
2015-01-13,19290.60118675232,15000
2015-01-14,15157.791097640991,20000
2015-01-15,15919.251062393188,20000
2015-01-16,15919.251062393188,20000
2015-01-20,15919.251062393188,20000
2015-01-21,16191.50068473816,20000
2015-01-22,16191.50068473816,20000
2015-01-23,16336.220865249634,20000
2015-01-26,16336.220865249634,20000
2015-01-27,16336.220865249634,20000
2015-01-28,16612.281106948853,20000
2015-01-29,16612.281106948853,20000
2015-01-30,16612.281106948853,20000
2015-02-02,17089.140817642212,20000
2015-02-03,17481.170824050903,20000
2015-02-04,18263.070695877075,20000
2015-02-05,18977.910539627075,20000
2015-02-06,19285.550214767456,20000
2015-02-09,19649.490774154663,20000
2015-02-10,15265.690538406372,25000
2015-02-11,15544.900804519653,25000
2015-02-12,15544.900804519653,25000
2015-02-13,15845.001298904419,25000
2015-02-17,15960.301591873169,25000
2015-02-18,15960.301591873169,25000
2015-02-19,16523.611547470093,25000
2015-02-20,16599.22176170349,25000
2015-02-23,16916.74250602722,25000
2015-02-24,16916.74250602722,25000
2015-02-25,17548.35239982605,25000
2015-02-26,18137.102628707886,25000
2015-02-27,18137.102628707886,25000
2015-03-02,18570.362546920776,25000
2015-03-03,18771.37303352356,25000
2015-03-04,18771.37303352356,25000
2015-03-05,19137.35363960266,25000
2015-03-06,19137.35363960266,25000
2015-03-09,19137.35363960266,25000
2015-03-10,19137.35363960266,25000
2015-03-11,19137.35363960266,25000
2015-03-12,19189.783304214478,25000
2015-03-13,19391.533109664917,25000
2015-03-16,19682.28405189514,25000
2015-03-17,19979.28372001648,25000
2015-03-18,15770.313386917114,30000
2015-03-19,16057.013360977173,30000
2015-03-20,16507.443830490112,30000
2015-03-23,16507.443830490112,30000
2015-03-24,16686.684045791626,30000
2015-03-25,16754.863931655884,30000
2015-03-26,17213.854139328003,30000
2015-03-27,17741.66476249695,30000
2015-03-30,18000.564737319946,30000
2015-03-31,18192.104650497437,30000
2015-04-01,18192.104650497437,30000
2015-04-02,18395.50484275818,30000
2015-04-06,18395.50484275818,30000
2015-04-07,18427.484830856323,30000
2015-04-08,19215.835302352905,30000
2015-04-09,19453.276189804077,30000
2015-04-10,19550.256052017212,30000
2015-04-13,19550.256052017212,30000
2015-04-14,19785.656297683716,30000
2015-04-15,19785.656297683716,30000
2015-04-16,19785.656297683716,30000
2015-04-17,19785.656297683716,30000
2015-04-20,19785.656297683716,30000
2015-04-21,19785.656297683716,30000
2015-04-22,19879.056383132935,30000
2015-04-23,19879.056383132935,30000
2015-04-24,15079.456090927124,35000
2015-04-27,15245.855878829956,35000
2015-04-28,15245.855878829956,35000
2015-04-29,15474.295957565308,35000
2015-04-30,15551.39541053772,35000
2015-05-01,15818.66533088684,35000
2015-05-04,16093.775110244751,35000
2015-05-05,16093.775110244751,35000
2015-05-06,16533.115533828735,35000
2015-05-07,16533.115533828735,35000
2015-05-08,16752.67592048645,35000
2015-05-11,16752.67592048645,35000
2015-05-12,17028.956621170044,35000
2015-05-13,17274.296049118042,35000
2015-05-14,17417.535608291626,35000
2015-05-15,17775.58542060852,35000
2015-05-18,17775.58542060852,35000
2015-05-19,18119.635118484497,35000
2015-05-20,18119.635118484497,35000
2015-05-21,18376.91502571106,35000
2015-05-22,18376.91502571106,35000
2015-05-26,18376.91502571106,35000
2015-05-27,18376.91502571106,35000
2015-05-28,18752.735570907593,35000
2015-05-29,19044.025533676147,35000
2015-06-01,19044.025533676147,35000
2015-06-02,19315.225217819214,35000
2015-06-03,19661.215566635132,35000
2015-06-04,19963.985830307007,35000
2015-06-05,19963.985830307007,35000
2015-06-08,15154.805738449097,40000
2015-06-09,15154.805738449097,40000
2015-06-10,15337.02589225769,40000
2015-06-11,15337.02589225769,40000
2015-06-12,15337.02589225769,40000
2015-06-15,15531.856008529663,40000
2015-06-16,15531.856008529663,40000
2015-06-17,15825.826314926147,40000
2015-06-18,15996.226770401001,40000
2015-06-19,15996.226770401001,40000
2015-06-22,16123.427057266235,40000
2015-06-23,16123.427057266235,40000
2015-06-24,16123.427057266235,40000
2015-06-25,16123.427057266235,40000
2015-06-26,16123.427057266235,40000
2015-06-29,16123.427057266235,40000
2015-06-30,16123.427057266235,40000
2015-07-01,16700.366930007935,40000
2015-07-02,16700.366930007935,40000
2015-07-06,16700.366930007935,40000
2015-07-07,16998.326707839966,40000
2015-07-08,17267.247591018677,40000
2015-07-09,17267.247591018677,40000
2015-07-10,17267.247591018677,40000
2015-07-13,17449.52829170227,40000
2015-07-14,17862.808111190796,40000
2015-07-15,17862.808111190796,40000
2015-07-16,17955.57759666443,40000
2015-07-17,18119.147565841675,40000
2015-07-20,18380.00775718689,40000
2015-07-21,18380.00775718689,40000
2015-07-22,18380.00775718689,40000
2015-07-23,18724.84797477722,40000
2015-07-24,18724.84797477722,40000
2015-07-27,18724.84797477722,40000
2015-07-28,18724.84797477722,40000
2015-07-29,18724.84797477722,40000
2015-07-30,18967.0678730011,40000
2015-07-31,18967.0678730011,40000
2015-08-03,19010.686906814575,40000
2015-08-04,19258.187063217163,40000
2015-08-05,19258.187063217163,40000
2015-08-06,19513.206869125366,40000
2015-08-07,19513.206869125366,40000
2015-08-10,15044.53677558899,45000
2015-08-11,15575.546075820923,45000
2015-08-12,15700.37657737732,45000
2015-08-13,16131.72680091858,45000
2015-08-14,16402.876749038696,45000
2015-08-17,16402.876749038696,45000
2015-08-18,16793.726247787476,45000
2015-08-19,17246.806676864624,45000
2015-08-20,17246.806676864624,45000
2015-08-21,17446.37650489807,45000
2015-08-24,17446.37650489807,45000
2015-08-25,17446.37650489807,45000
2015-08-26,18185.15677833557,45000
2015-08-27,19054.356454849243,45000
2015-08-28,19054.356454849243,45000
2015-08-31,19054.356454849243,45000
2015-09-01,19828.996545791626,45000
2015-09-02,19828.996545791626,45000
2015-09-03,19828.996545791626,45000
2015-09-04,15318.686643600464,50000
2015-09-08,15625.646745681763,50000
2015-09-09,15843.04718208313,50000
2015-09-10,15843.04718208313,50000
2015-09-11,15843.04718208313,50000
2015-09-14,15982.807413101196,50000
2015-09-15,15982.807413101196,50000
2015-09-16,15982.807413101196,50000
2015-09-17,15982.807413101196,50000
2015-09-18,16146.087259292603,50000
2015-09-21,16146.087259292603,50000
2015-09-22,16146.087259292603,50000
2015-09-23,16146.087259292603,50000
2015-09-24,16443.817613601685,50000
2015-09-25,16645.1778049469,50000
2015-09-28,16645.1778049469,50000
2015-09-29,16645.1778049469,50000
2015-09-30,16973.627183914185,50000
2015-10-01,17010.70732307434,50000
2015-10-02,17314.877206802368,50000
2015-10-05,17808.636911392212,50000
2015-10-06,17808.636911392212,50000
2015-10-07,18452.73659324646,50000
2015-10-08,18782.457082748413,50000
2015-10-09,19232.96639442444,50000
2015-10-12,19232.96639442444,50000
2015-10-13,19553.90685081482,50000
2015-10-14,19553.90685081482,50000
2015-10-15,19870.737043380737,50000
2015-10-16,15102.697164535522,55000
2015-10-19,15102.697164535522,55000
2015-10-20,15248.156953811646,55000
2015-10-21,15248.156953811646,55000
2015-10-22,15248.156953811646,55000
2015-10-23,15248.156953811646,55000
2015-10-26,15328.267210006714,55000
2015-10-27,15528.8671169281,55000
2015-10-28,15528.8671169281,55000
2015-10-29,15788.156946182251,55000
2015-10-30,15788.156946182251,55000
2015-11-02,15788.156946182251,55000
2015-11-03,15788.156946182251,55000
2015-11-04,15788.156946182251,55000
2015-11-05,15788.156946182251,55000
2015-11-06,15788.156946182251,55000
2015-11-09,15878.416818618774,55000
2015-11-10,15878.416818618774,55000
2015-11-11,16092.7969455719,55000
2015-11-12,16092.7969455719,55000
2015-11-13,16092.7969455719,55000
2015-11-16,16092.7969455719,55000
2015-11-17,16360.95693397522,55000
2015-11-18,16360.95693397522,55000
2015-11-19,16545.746236801147,55000
2015-11-20,16845.845880508423,55000
2015-11-23,17188.125379562378,55000
2015-11-24,17409.236055374146,55000
2015-11-25,17544.94587135315,55000
2015-11-27,17933.446016311646,55000
2015-11-30,18154.086248397827,55000
2015-12-01,18154.086248397827,55000
2015-12-02,18154.086248397827,55000
2015-12-03,18518.786798477173,55000
2015-12-04,19176.286645889282,55000
2015-12-07,19219.627183914185,55000
2015-12-08,19733.856771469116,55000
2015-12-09,19733.856771469116,55000
2015-12-10,19733.856771469116,55000
2015-12-11,15130.677076339722,60000
2015-12-14,15130.677076339722,60000
2015-12-15,15130.677076339722,60000
2015-12-16,15130.677076339722,60000
2015-12-17,15455.717260360718,60000
2015-12-18,15455.717260360718,60000
2015-12-21,15455.717260360718,60000
2015-12-22,15455.717260360718,60000
2015-12-23,15455.717260360718,60000
2015-12-24,15576.827276229858,60000
2015-12-28,15576.827276229858,60000
2015-12-29,15576.827276229858,60000
2015-12-30,15576.827276229858,60000
2015-12-31,15576.827276229858,60000
2016-01-04,15964.047590255737,60000
2016-01-05,15964.047590255737,60000
2016-01-06,15964.047590255737,60000
2016-01-07,16521.0881023407,60000
2016-01-08,16521.0881023407,60000
2016-01-11,16521.0881023407,60000
2016-01-12,16745.24824333191,60000
2016-01-13,17324.288278579712,60000
2016-01-14,17738.048135757446,60000
2016-01-15,17738.048135757446,60000
2016-01-19,17738.048135757446,60000
2016-01-20,18072.207670211792,60000
2016-01-21,18072.207670211792,60000
2016-01-22,18072.207670211792,60000
2016-01-25,18072.207670211792,60000
2016-01-26,18072.207670211792,60000
2016-01-27,18072.207670211792,60000
2016-01-28,18630.76733970642,60000
2016-01-29,19250.898641586304,60000
2016-02-01,19250.898641586304,60000
2016-02-02,19769.46844482422,60000
2016-02-03,19769.46844482422,60000
2016-02-04,19769.46844482422,60000
2016-02-05,15450.488731384277,65000
2016-02-08,15450.488731384277,65000
2016-02-09,15450.488731384277,65000
2016-02-10,15598.238689422607,65000
2016-02-11,15795.218589782715,65000
2016-02-12,15795.218589782715,65000
2016-02-16,15795.218589782715,65000
2016-02-17,16307.469013214111,65000
2016-02-18,16307.469013214111,65000
2016-02-19,16307.469013214111,65000
2016-02-22,16831.129039764404,65000
2016-02-23,16831.129039764404,65000
2016-02-24,16831.129039764404,65000
2016-02-25,17027.709983825684,65000
2016-02-26,17027.709983825684,65000
2016-02-29,17027.709983825684,65000
2016-03-01,17027.709983825684,65000
2016-03-02,17027.709983825684,65000
2016-03-03,17285.900413513184,65000
2016-03-04,17722.67967224121,65000
2016-03-07,17871.299629211426,65000
2016-03-08,18350.520050048828,65000
2016-03-09,18350.520050048828,65000
2016-03-10,18350.520050048828,65000
2016-03-11,18560.540687561035,65000
2016-03-14,18560.540687561035,65000
2016-03-15,18689.88101196289,65000
2016-03-16,18689.88101196289,65000
2016-03-17,18689.88101196289,65000
2016-03-18,19369.8809967041,65000
2016-03-21,19755.221019744873,65000
2016-03-22,19755.221019744873,65000
2016-03-23,15187.05111694336,70000
2016-03-24,15187.05111694336,70000
2016-03-28,15187.05111694336,70000
2016-03-29,15265.9907913208,70000
2016-03-30,15415.870849609375,70000
2016-03-31,15415.870849609375,70000
2016-04-01,15812.380390167236,70000
2016-04-04,15812.380390167236,70000
2016-04-05,16062.630153656006,70000
2016-04-06,16062.630153656006,70000
2016-04-07,16062.630153656006,70000
2016-04-08,16062.630153656006,70000
2016-04-11,16062.630153656006,70000
2016-04-12,16062.630153656006,70000
2016-04-13,16062.630153656006,70000
2016-04-14,16405.48971939087,70000
2016-04-15,16706.6001663208,70000
2016-04-18,16706.6001663208,70000
2016-04-19,16706.6001663208,70000
2016-04-20,16706.6001663208,70000
2016-04-21,16994.350337982178,70000
2016-04-22,17418.030391693115,70000
2016-04-25,17721.55057144165,70000
2016-04-26,17721.55057144165,70000
2016-04-27,17861.449977874756,70000
2016-04-28,17861.449977874756,70000
2016-04-29,18122.049434661865,70000
2016-05-02,18122.049434661865,70000
2016-05-03,18248.200359344482,70000
2016-05-04,18611.61009979248,70000
2016-05-05,19030.559928894043,70000
2016-05-06,19030.559928894043,70000
2016-05-09,19030.559928894043,70000
2016-05-10,19396.28018951416,70000
2016-05-11,19396.28018951416,70000
2016-05-12,19564.540199279785,70000
2016-05-13,19827.340377807617,70000
2016-05-16,15188.360279083252,75000
2016-05-17,15188.360279083252,75000
2016-05-18,15188.360279083252,75000
2016-05-19,15551.710788726807,75000
2016-05-20,15551.710788726807,75000
2016-05-23,15551.710788726807,75000
2016-05-24,15758.161357879639,75000
2016-05-25,15758.161357879639,75000
2016-05-26,15938.64069366455,75000
2016-05-27,15938.64069366455,75000
2016-05-31,15994.050090789795,75000
2016-06-01,16235.169960021973,75000
2016-06-02,16624.879138946533,75000
2016-06-03,16821.919231414795,75000
2016-06-06,16821.919231414795,75000
2016-06-07,17075.63861465454,75000
2016-06-08,17075.63861465454,75000
2016-06-09,17439.188304901123,75000
2016-06-10,17537.85838317871,75000
2016-06-13,17537.85838317871,75000
2016-06-14,17537.85838317871,75000
2016-06-15,17537.85838317871,75000
2016-06-16,17537.85838317871,75000
2016-06-17,17537.85838317871,75000
2016-06-20,17567.408283233643,75000
2016-06-21,17567.408283233643,75000
2016-06-22,17832.778343200684,75000
2016-06-23,17990.898586273193,75000
2016-06-24,18493.629375457764,75000
2016-06-27,18493.629375457764,75000
2016-06-28,18493.629375457764,75000
2016-06-29,18493.629375457764,75000
2016-06-30,18493.629375457764,75000
2016-07-01,18755.879287719727,75000
2016-07-05,18755.879287719727,75000
2016-07-06,18755.879287719727,75000
2016-07-07,19588.899124145508,75000
2016-07-08,19825.919277191162,75000
2016-07-11,19825.919277191162,75000
2016-07-12,15359.709663391113,80000
2016-07-13,15359.709663391113,80000
2016-07-14,15359.709663391113,80000
2016-07-15,15359.709663391113,80000
2016-07-18,15516.74872970581,80000
2016-07-19,15546.829792022705,80000
2016-07-20,15956.520206451416,80000
2016-07-21,16240.340232849121,80000
2016-07-22,16240.340232849121,80000
2016-07-25,16332.620044708252,80000
2016-07-26,16332.620044708252,80000
2016-07-27,16458.539058685303,80000
2016-07-28,16458.539058685303,80000
2016-07-29,16905.249141693115,80000
2016-08-01,17422.969245910645,80000
2016-08-02,18066.369026184082,80000
2016-08-03,18066.369026184082,80000
2016-08-04,18066.369026184082,80000
2016-08-05,18066.369026184082,80000
2016-08-08,18510.849571228027,80000
2016-08-09,18672.340103149414,80000
2016-08-10,18672.340103149414,80000
2016-08-11,18672.340103149414,80000
2016-08-12,18672.340103149414,80000
2016-08-15,18991.709308624268,80000
2016-08-16,18991.709308624268,80000
2016-08-17,18991.709308624268,80000
2016-08-18,18991.709308624268,80000
2016-08-19,19140.72961807251,80000
2016-08-22,19549.780311584473,80000
2016-08-23,19549.780311584473,80000
2016-08-24,19549.780311584473,80000
2016-08-25,19827.45110321045,80000
2016-08-26,15047.17066192627,85000
2016-08-29,15154.900730133057,85000
2016-08-30,15268.680347442627,85000
2016-08-31,15420.110683441162,85000
2016-09-01,15420.110683441162,85000
2016-09-02,15707.471210479736,85000
2016-09-06,15707.471210479736,85000
2016-09-07,16132.78125,85000
2016-09-08,16132.78125,85000
2016-09-09,16132.78125,85000
2016-09-12,16132.78125,85000
2016-09-13,16132.78125,85000
2016-09-14,16132.78125,85000
2016-09-15,16132.78125,85000
2016-09-16,16132.78125,85000
2016-09-19,16132.78125,85000
2016-09-20,16132.78125,85000
2016-09-21,16132.78125,85000
2016-09-22,16132.78125,85000
2016-09-23,16132.78125,85000
2016-09-26,16544.301055908203,85000
2016-09-27,17042.12112045288,85000
2016-09-28,17742.421257019043,85000
2016-09-29,17742.421257019043,85000
2016-09-30,17851.0108795166,85000
2016-10-03,17851.0108795166,85000
2016-10-04,17851.0108795166,85000
2016-10-05,18016.47144317627,85000
2016-10-06,18016.47144317627,85000
2016-10-07,18215.88185119629,85000
2016-10-11,18215.88185119629,85000
2016-10-12,18215.88185119629,85000
2016-10-13,18215.88185119629,85000
2016-10-14,18215.88185119629,85000
2016-10-17,18462.36117553711,85000
2016-10-18,18826.19239807129,85000
2016-10-19,18984.732692718506,85000
2016-10-20,18984.732692718506,85000
2016-10-21,19122.413005828857,85000
2016-10-24,19122.413005828857,85000
2016-10-25,19122.413005828857,85000
2016-10-26,19339.753337860107,85000
2016-10-27,19339.753337860107,85000
2016-10-28,19339.753337860107,85000
2016-10-31,19512.193462371826,85000
2016-11-01,19512.193462371826,85000
2016-11-02,19732.013328552246,85000
2016-11-03,19897.913200378418,85000
2016-11-04,15163.113563537598,90000
2016-11-07,15163.113563537598,90000
2016-11-08,15163.113563537598,90000
2016-11-09,15163.113563537598,90000
2016-11-10,15163.113563537598,90000
2016-11-14,15387.113430023193,90000
2016-11-15,15858.603733062744,90000
2016-11-16,15858.603733062744,90000
2016-11-17,16217.523265838623,90000
2016-11-18,16480.863262176514,90000
2016-11-21,16760.382709503174,90000
2016-11-22,16760.382709503174,90000
2016-11-23,16760.382709503174,90000
2016-11-25,16760.382709503174,90000
2016-11-28,17113.643451690674,90000
2016-11-29,17113.643451690674,90000
2016-11-30,17986.622444152832,90000
2016-12-01,18181.60218811035,90000
2016-12-02,18181.60218811035,90000
2016-12-05,18322.89208984375,90000
2016-12-06,18521.702144622803,90000
2016-12-07,18722.76233291626,90000
2016-12-08,18722.76233291626,90000
2016-12-09,18722.76233291626,90000
2016-12-12,18722.76233291626,90000
2016-12-13,18722.76233291626,90000
2016-12-14,18722.76233291626,90000
2016-12-15,18722.76233291626,90000
2016-12-16,18722.76233291626,90000
2016-12-19,18722.76233291626,90000
2016-12-20,18722.76233291626,90000
2016-12-21,18991.742115020752,90000
2016-12-22,18991.742115020752,90000
2016-12-23,18991.742115020752,90000
2016-12-27,18991.742115020752,90000
2016-12-28,19066.58180618286,90000
2016-12-29,19066.58180618286,90000
2016-12-30,19303.542194366455,90000
2017-01-03,19303.542194366455,90000
2017-01-04,19303.542194366455,90000
2017-01-05,19428.382572174072,90000
2017-01-06,19428.382572174072,90000
2017-01-09,19428.382572174072,90000
2017-01-10,19428.382572174072,90000
2017-01-11,19428.382572174072,90000
2017-01-12,19428.382572174072,90000
2017-01-13,19428.382572174072,90000
2017-01-17,19709.99280166626,90000
2017-01-18,15115.352779388428,95000
2017-01-19,15299.602466583252,95000
2017-01-20,15446.75269317627,95000
2017-01-23,15562.833152770996,95000
2017-01-24,15741.17345046997,95000
2017-01-25,15741.17345046997,95000
2017-01-26,15741.17345046997,95000
2017-01-27,15741.17345046997,95000
2017-01-30,15872.713535308838,95000
2017-01-31,16184.273197174072,95000
2017-02-01,16210.872547149658,95000
2017-02-02,16446.65277862549,95000
2017-02-03,16446.65277862549,95000
2017-02-06,16446.65277862549,95000
2017-02-07,16562.682094573975,95000
2017-02-08,16810.762268066406,95000
2017-02-09,16810.762268066406,95000
2017-02-10,16917.732151031494,95000
2017-02-13,17292.102809906006,95000
2017-02-14,17401.063076019287,95000
2017-02-15,17603.14316177368,95000
2017-02-16,17737.933403015137,95000
2017-02-17,17869.7331199646,95000
2017-02-21,17869.7331199646,95000
2017-02-22,18219.48300933838,95000
2017-02-23,18372.143257141113,95000
2017-02-24,18540.95283126831,95000
2017-02-27,18540.95283126831,95000
2017-02-28,18685.652671813965,95000
2017-03-01,18685.652671813965,95000
2017-03-02,18685.652671813965,95000
2017-03-03,18685.652671813965,95000
2017-03-06,18685.652671813965,95000
2017-03-07,18685.652671813965,95000
2017-03-08,18919.13259124756,95000
2017-03-09,18919.13259124756,95000
2017-03-10,18919.13259124756,95000
2017-03-13,19237.2322845459,95000
2017-03-14,19237.2322845459,95000
2017-03-15,19551.042991638184,95000
2017-03-16,19756.192749023438,95000
2017-03-17,19756.192749023438,95000
2017-03-20,19756.192749023438,95000
2017-03-21,15020.093551635742,100000
2017-03-22,15020.093551635742,100000
2017-03-23,15020.093551635742,100000
2017-03-24,15020.093551635742,100000
2017-03-27,15020.093551635742,100000
2017-03-28,15158.713729858398,100000
2017-03-29,15158.713729858398,100000
2017-03-30,15158.713729858398,100000
2017-03-31,15158.713729858398,100000
2017-04-03,15306.023853302002,100000
2017-04-04,15532.153816223145,100000
2017-04-05,15768.423748016357,100000
2017-04-06,15768.423748016357,100000
2017-04-07,15879.023456573486,100000
2017-04-10,15962.563121795654,100000
2017-04-11,15962.563121795654,100000
2017-04-12,16124.623271942139,100000
2017-04-13,16124.623271942139,100000
2017-04-17,16124.623271942139,100000
2017-04-18,16124.623271942139,100000
2017-04-19,16124.623271942139,100000
2017-04-20,16206.553100585938,100000
2017-04-21,16367.452201843262,100000
2017-04-24,16443.05194091797,100000
2017-04-25,16648.52272796631,100000
2017-04-26,16877.423332214355,100000
2017-04-27,16877.423332214355,100000
2017-04-28,16877.423332214355,100000
2017-05-01,17124.94345474243,100000
2017-05-02,17124.94345474243,100000
2017-05-03,17124.94345474243,100000
2017-05-04,17960.274032592773,100000
2017-05-05,18466.434646606445,100000
2017-05-08,18466.434646606445,100000
2017-05-09,18466.434646606445,100000
2017-05-10,18829.495265960693,100000
2017-05-11,19036.10520553589,100000
2017-05-12,19036.10520553589,100000
2017-05-15,19036.10520553589,100000
2017-05-16,19191.80546951294,100000
2017-05-17,19191.80546951294,100000
2017-05-18,19191.80546951294,100000
2017-05-19,19191.80546951294,100000
2017-05-22,19275.62593460083,100000
2017-05-23,19413.53575515747,100000
2017-05-24,19413.53575515747,100000
2017-05-25,19545.23623275757,100000
2017-05-26,19881.236484527588,100000
2017-05-30,19881.236484527588,100000
2017-05-31,15028.196815490723,105000
2017-06-01,15332.206489562988,105000
2017-06-02,15512.246391296387,105000
2017-06-05,15633.186729431152,105000
2017-06-06,15940.697105407715,105000
2017-06-07,15940.697105407715,105000
2017-06-08,16088.136726379395,105000
2017-06-09,16088.136726379395,105000
2017-06-12,16088.136726379395,105000
2017-06-13,16088.136726379395,105000
2017-06-14,16088.136726379395,105000
2017-06-15,16088.136726379395,105000
2017-06-16,16088.136726379395,105000
2017-06-19,16088.136726379395,105000
2017-06-20,16088.136726379395,105000
2017-06-21,16193.497066497803,105000
2017-06-22,16445.017833709717,105000
2017-06-23,16563.278369903564,105000
2017-06-26,16563.278369903564,105000
2017-06-27,16563.278369903564,105000
2017-06-28,16563.278369903564,105000
2017-06-29,16695.59871673584,105000
2017-06-30,16843.438301086426,105000
2017-07-03,16843.438301086426,105000
2017-07-05,16843.438301086426,105000
2017-07-06,16843.438301086426,105000
2017-07-07,16843.438301086426,105000
2017-07-10,17057.008491516113,105000
2017-07-11,17057.008491516113,105000
2017-07-12,17057.008491516113,105000
2017-07-13,17109.507690429688,105000
2017-07-14,17259.987758636475,105000
2017-07-17,17259.987758636475,105000
2017-07-18,17259.987758636475,105000
2017-07-19,17259.987758636475,105000
2017-07-20,17410.347137451172,105000
2017-07-21,17410.347137451172,105000
2017-07-24,17410.347137451172,105000
2017-07-25,17579.136989593506,105000
2017-07-26,17619.316902160645,105000
2017-07-27,17665.236618041992,105000
2017-07-28,17769.93702316284,105000
2017-07-31,17910.627864837646,105000
2017-08-01,18303.748001098633,105000
2017-08-02,18743.008197784424,105000
2017-08-03,19070.818515777588,105000
2017-08-04,19333.859043121338,105000
2017-08-07,19523.338954925537,105000
2017-08-08,19620.768211364746,105000
2017-08-09,19905.188034057617,105000
2017-08-10,19905.188034057617,105000
2017-08-11,19905.188034057617,105000
2017-08-14,15234.508251190186,110000
2017-08-15,15234.508251190186,110000
2017-08-16,15277.898651123047,110000
2017-08-17,15442.059383392334,110000
2017-08-18,15487.640125274658,110000
2017-08-21,15487.640125274658,110000
2017-08-22,15487.640125274658,110000
2017-08-23,15487.640125274658,110000
2017-08-24,15487.640125274658,110000
2017-08-25,15487.640125274658,110000
2017-08-28,15784.560138702393,110000
2017-08-29,15784.560138702393,110000
2017-08-30,15848.659675598145,110000
2017-08-31,16153.519348144531,110000
2017-09-01,16291.469520568848,110000
2017-09-05,16291.469520568848,110000
2017-09-06,16291.469520568848,110000
2017-09-07,16291.469520568848,110000
2017-09-08,16291.469520568848,110000
2017-09-11,16588.869522094727,110000
2017-09-12,16723.33960723877,110000
2017-09-13,16723.33960723877,110000
2017-09-14,16723.33960723877,110000
2017-09-15,16723.33960723877,110000
2017-09-18,16723.33960723877,110000
2017-09-19,16948.03964614868,110000
2017-09-20,16948.03964614868,110000
2017-09-21,17017.750270843506,110000
2017-09-22,17084.070472717285,110000
2017-09-25,17084.070472717285,110000
2017-09-26,17084.070472717285,110000
2017-09-27,17227.72022628784,110000
2017-09-28,17479.260021209717,110000
2017-09-29,17838.419261932373,110000
2017-10-02,18191.729217529297,110000
2017-10-03,18323.11905670166,110000
2017-10-04,18323.11905670166,110000
2017-10-05,18323.11905670166,110000
2017-10-06,18323.11905670166,110000
2017-10-09,18421.939224243164,110000
2017-10-10,18421.939224243164,110000
2017-10-11,18421.939224243164,110000
2017-10-12,18557.589611053467,110000
2017-10-13,18850.239879608154,110000
2017-10-16,18850.239879608154,110000
2017-10-17,18850.239879608154,110000
2017-10-18,18850.239879608154,110000
2017-10-19,19026.439113616943,110000
2017-10-20,19026.439113616943,110000
2017-10-23,19026.439113616943,110000
2017-10-24,19187.37900543213,110000
2017-10-25,19187.37900543213,110000
2017-10-26,19187.37900543213,110000
2017-10-27,19187.37900543213,110000
2017-10-30,19277.848316192627,110000
2017-10-31,19477.217979431152,110000
2017-11-01,19701.219009399414,110000
2017-11-02,19701.219009399414,110000
2017-11-03,19801.138370513916,110000
2017-11-06,19801.138370513916,110000
2017-11-07,19987.888095855713,110000
2017-11-08,15175.488056182861,115000
2017-11-09,15346.287857055664,115000
2017-11-10,15520.417785644531,115000
2017-11-13,15708.918144226074,115000
2017-11-14,15866.177711486816,115000
2017-11-15,15866.177711486816,115000
2017-11-16,15866.177711486816,115000
2017-11-17,16091.047412872314,115000
2017-11-20,16091.047412872314,115000
2017-11-21,16222.387538909912,115000
2017-11-22,16351.008014678955,115000
2017-11-24,16517.327228546143,115000
2017-11-27,16517.327228546143,115000
2017-11-28,16517.327228546143,115000
2017-11-29,16517.327228546143,115000
2017-11-30,16517.327228546143,115000
2017-12-01,16517.327228546143,115000
2017-12-04,16517.327228546143,115000
2017-12-05,16835.686889648438,115000
2017-12-06,17136.346954345703,115000
2017-12-07,17393.98659515381,115000
2017-12-08,17493.346488952637,115000
2017-12-11,17757.166793823242,115000
2017-12-12,17757.166793823242,115000
2017-12-13,17845.666954040527,115000
2017-12-14,18187.13740158081,115000
2017-12-15,18302.657787322998,115000
2017-12-18,18302.657787322998,115000
2017-12-19,18414.408195495605,115000
2017-12-20,18414.408195495605,115000
2017-12-21,18460.44799041748,115000
2017-12-22,18554.2579498291,115000
2017-12-26,18554.2579498291,115000
2017-12-27,18625.478065490723,115000
2017-12-28,18625.478065490723,115000
2017-12-29,18625.478065490723,115000
2018-01-02,18741.847953796387,115000
2018-01-03,19060.92807006836,115000
2018-01-04,19239.42865371704,115000
2018-01-05,19239.42865371704,115000
2018-01-08,19239.42865371704,115000
2018-01-09,19239.42865371704,115000
2018-01-10,19239.42865371704,115000
2018-01-11,19434.607753753662,115000
2018-01-12,19666.387187957764,115000
2018-01-16,19666.387187957764,115000
2018-01-17,19878.58686065674,115000
2018-01-18,19878.58686065674,115000
2018-01-19,19878.58686065674,115000
2018-01-22,15028.06714630127,120000
2018-01-23,15193.326244354248,120000
2018-01-24,15193.326244354248,120000
2018-01-25,15193.326244354248,120000
2018-01-26,15193.326244354248,120000
2018-01-29,15340.40637588501,120000
2018-01-30,15340.40637588501,120000
2018-01-31,15526.647327423096,120000
2018-02-01,15526.647327423096,120000
2018-02-02,15526.647327423096,120000
2018-02-05,15717.668018341064,120000
2018-02-06,15717.668018341064,120000
2018-02-07,15717.668018341064,120000
2018-02-08,15717.668018341064,120000
2018-02-09,15952.238494873047,120000
2018-02-12,16390.979122161865,120000
2018-02-13,16790.87901687622,120000
2018-02-14,16790.87901687622,120000
2018-02-15,16790.87901687622,120000
2018-02-16,16790.87901687622,120000
2018-02-20,16790.87901687622,120000
2018-02-21,16790.87901687622,120000
2018-02-22,16790.87901687622,120000
2018-02-23,16906.678741455078,120000
2018-02-26,16906.678741455078,120000
2018-02-27,17179.64888381958,120000
2018-02-28,17234.938816070557,120000
2018-03-01,17569.928909301758,120000
2018-03-02,17569.928909301758,120000
2018-03-05,17569.928909301758,120000
2018-03-06,17908.818435668945,120000
2018-03-07,18319.008323669434,120000
2018-03-08,18390.508129119873,120000
2018-03-09,18692.298538208008,120000
2018-03-12,18971.768508911133,120000
2018-03-13,19039.088298797607,120000
2018-03-14,19225.55801010132,120000
2018-03-15,19225.55801010132,120000
2018-03-16,19225.55801010132,120000
2018-03-19,19361.377353668213,120000
2018-03-20,19666.717777252197,120000
2018-03-21,19666.717777252197,120000
2018-03-22,19977.52687072754,120000
2018-03-23,15319.41633605957,125000
2018-03-26,15440.015930175781,125000
2018-03-27,15440.015930175781,125000
2018-03-28,15440.015930175781,125000
2018-03-29,15706.51596069336,125000
2018-04-02,16026.37580871582,125000
2018-04-03,16026.37580871582,125000
2018-04-04,16026.37580871582,125000
2018-04-05,16026.37580871582,125000
2018-04-06,16026.37580871582,125000
2018-04-09,16252.855609893799,125000
2018-04-10,16252.855609893799,125000
2018-04-11,16340.775562286377,125000
2018-04-12,16519.175868988037,125000
2018-04-13,16581.546298980713,125000
2018-04-16,16930.755695343018,125000
2018-04-17,17296.435653686523,125000
2018-04-18,17518.2957611084,125000
2018-04-19,17518.2957611084,125000
2018-04-20,17759.655632019043,125000
2018-04-23,17759.655632019043,125000
2018-04-24,18011.415939331055,125000
2018-04-25,18333.03603363037,125000
2018-04-26,18531.90567779541,125000
2018-04-27,18817.56639099121,125000
2018-04-30,19168.54656982422,125000
2018-05-01,19471.696754455566,125000
2018-05-02,19905.27660369873,125000
2018-05-03,15099.91695022583,130000
2018-05-04,15099.91695022583,130000
2018-05-07,15214.476318359375,130000
2018-05-08,15470.916500091553,130000
2018-05-09,15685.236598968506,130000
2018-05-10,15806.006191253662,130000
2018-05-11,15806.006191253662,130000
2018-05-14,15806.006191253662,130000
2018-05-15,15806.006191253662,130000
2018-05-16,15806.006191253662,130000
2018-05-17,15987.016849517822,130000
2018-05-18,15987.016849517822,130000
2018-05-21,16226.417026519775,130000
2018-05-22,16325.537441253662,130000
2018-05-23,16325.537441253662,130000
2018-05-24,16570.447902679443,130000
2018-05-25,16570.447902679443,130000
2018-05-29,16570.447902679443,130000
2018-05-30,16831.39797592163,130000
2018-05-31,16831.39797592163,130000
2018-06-01,16831.39797592163,130000
2018-06-04,16977.49815750122,130000
2018-06-05,16977.49815750122,130000
2018-06-06,16977.49815750122,130000
2018-06-07,17174.898365020752,130000
2018-06-08,17490.417892456055,130000
2018-06-11,17490.417892456055,130000
2018-06-12,17703.877212524414,130000
2018-06-13,17703.877212524414,130000
2018-06-14,17703.877212524414,130000
2018-06-15,18022.718086242676,130000
2018-06-18,18429.077606201172,130000
2018-06-19,18429.077606201172,130000
2018-06-20,18639.997840881348,130000
2018-06-21,18815.2377243042,130000
2018-06-22,18815.2377243042,130000
2018-06-25,18815.2377243042,130000
2018-06-26,18815.2377243042,130000
2018-06-27,18962.78716659546,130000
2018-06-28,19066.78737258911,130000
2018-06-29,19142.756797790527,130000
2018-07-02,19341.486289978027,130000
2018-07-03,19341.486289978027,130000
2018-07-05,19780.39603805542,130000
2018-07-06,15153.426525115967,135000
2018-07-09,15312.726222991943,135000
2018-07-10,15312.726222991943,135000
2018-07-11,15312.726222991943,135000
2018-07-12,15439.666271209717,135000
2018-07-13,15612.256771087646,135000
2018-07-16,16175.737438201904,135000
2018-07-17,16334.837993621826,135000
2018-07-18,16334.837993621826,135000
2018-07-19,16504.138034820557,135000
2018-07-20,16504.138034820557,135000
2018-07-23,16504.138034820557,135000
2018-07-24,16760.577564239502,135000
2018-07-25,16956.9068069458,135000
2018-07-26,16956.9068069458,135000
2018-07-27,17153.5863571167,135000
2018-07-30,17357.676010131836,135000
2018-07-31,17357.676010131836,135000
2018-08-01,17577.266803741455,135000
2018-08-02,17577.266803741455,135000
2018-08-03,17577.266803741455,135000
2018-08-06,17577.266803741455,135000
2018-08-07,17577.266803741455,135000
2018-08-08,17577.266803741455,135000
2018-08-09,17681.656665802002,135000
2018-08-10,17926.87633895874,135000
2018-08-13,17926.87633895874,135000
2018-08-14,18007.056674957275,135000
2018-08-15,18007.056674957275,135000
2018-08-16,18007.056674957275,135000
2018-08-17,18007.056674957275,135000
2018-08-20,18007.056674957275,135000
2018-08-21,18007.056674957275,135000
2018-08-22,18007.056674957275,135000
2018-08-23,18007.056674957275,135000
2018-08-24,18221.53701400757,135000
2018-08-27,18269.93639755249,135000
2018-08-28,18269.93639755249,135000
2018-08-29,18446.756366729736,135000
2018-08-30,18446.756366729736,135000
2018-08-31,18446.756366729736,135000
2018-09-04,18446.756366729736,135000
2018-09-05,18583.71562576294,135000
2018-09-06,18734.295055389404,135000
2018-09-07,19248.184871673584,135000
2018-09-10,19248.184871673584,135000
2018-09-11,19248.184871673584,135000
2018-09-12,19248.184871673584,135000
2018-09-13,19248.184871673584,135000
2018-09-14,19558.354526519775,135000
2018-09-17,19744.854236602783,135000
2018-09-18,19998.054454803467,135000
2018-09-19,19998.054454803467,135000
2018-09-20,19998.054454803467,135000
2018-09-21,19998.054454803467,135000
2018-09-24,15183.5944480896,140000
2018-09-25,15183.5944480896,140000
2018-09-26,15183.5944480896,140000
2018-09-27,15183.5944480896,140000
2018-09-28,15276.114528656006,140000
2018-10-01,15276.114528656006,140000
2018-10-02,15276.114528656006,140000
2018-10-03,15276.114528656006,140000
2018-10-04,15555.174404144287,140000
2018-10-05,15555.174404144287,140000
2018-10-08,15661.254566192627,140000
2018-10-09,15661.254566192627,140000
2018-10-10,15939.92476272583,140000
2018-10-11,15939.92476272583,140000
2018-10-12,15939.92476272583,140000
2018-10-15,16167.374778747559,140000
2018-10-16,16167.374778747559,140000
2018-10-17,16167.374778747559,140000
2018-10-18,16167.374778747559,140000
2018-10-19,16378.77530670166,140000
2018-10-22,16378.77530670166,140000
2018-10-23,16854.335865020752,140000
2018-10-24,16979.835231781006,140000
2018-10-25,16979.835231781006,140000
2018-10-26,17039.185245513916,140000
2018-10-29,17540.684497833252,140000
2018-10-30,17804.06427383423,140000
2018-10-31,17804.06427383423,140000
2018-11-01,17899.544384002686,140000
2018-11-02,18198.634399414062,140000
2018-11-05,18198.634399414062,140000
2018-11-06,18475.66404724121,140000
2018-11-07,18599.063972473145,140000
2018-11-08,18599.063972473145,140000
2018-11-09,18599.063972473145,140000
2018-11-12,18825.993896484375,140000
2018-11-13,18825.993896484375,140000
2018-11-14,18825.993896484375,140000
2018-11-15,18825.993896484375,140000
2018-11-16,18825.993896484375,140000
2018-11-19,18825.993896484375,140000
2018-11-20,19650.623622894287,140000
2018-11-21,19650.623622894287,140000
2018-11-23,19650.623622894287,140000
2018-11-26,19650.623622894287,140000
2018-11-27,19650.623622894287,140000
2018-11-28,19881.97356414795,140000
2018-11-29,19881.97356414795,140000
2018-11-30,19881.97356414795,140000
2018-12-03,15148.1538772583,145000
2018-12-04,15524.673889160156,145000
2018-12-06,15524.673889160156,145000
2018-12-07,15524.673889160156,145000
2018-12-10,16004.024570465088,145000
2018-12-11,16437.864994049072,145000
2018-12-12,16855.494674682617,145000
2018-12-13,17369.405158996582,145000
2018-12-14,17698.25522994995,145000
2018-12-17,18324.655948638916,145000
2018-12-18,18324.655948638916,145000
2018-12-19,18324.655948638916,145000
2018-12-20,18687.785579681396,145000
2018-12-21,19034.535369873047,145000
2018-12-24,19034.535369873047,145000
2018-12-26,19034.535369873047,145000
2018-12-27,19470.68491744995,145000
2018-12-28,19470.68491744995,145000
2018-12-31,19470.68491744995,145000
2019-01-02,19470.68491744995,145000
2019-01-03,19618.925258636475,145000
2019-01-04,15111.66550064087,150000
2019-01-07,15111.66550064087,150000
2019-01-08,15389.985675811768,150000
2019-01-09,15389.985675811768,150000
2019-01-10,15389.985675811768,150000
2019-01-11,15891.866352081299,150000
2019-01-14,15942.76598739624,150000
2019-01-15,16184.575637817383,150000
2019-01-16,16451.815231323242,150000
2019-01-17,16702.876152038574,150000
2019-01-18,17261.8960647583,150000
2019-01-22,17691.22665786743,150000
2019-01-23,17924.42641067505,150000
2019-01-24,18030.86611557007,150000
2019-01-25,18141.73623275757,150000
2019-01-28,18141.73623275757,150000
2019-01-29,18477.47699737549,150000
2019-01-30,18477.47699737549,150000
2019-01-31,18477.47699737549,150000
2019-02-01,18823.706954956055,150000
2019-02-04,18823.706954956055,150000
2019-02-05,18823.706954956055,150000
2019-02-06,19033.99681854248,150000
2019-02-07,19033.99681854248,150000
2019-02-08,19197.95639038086,150000
2019-02-11,19349.405933380127,150000
2019-02-12,19349.405933380127,150000
2019-02-13,19349.405933380127,150000
2019-02-14,19349.405933380127,150000
2019-02-15,19498.205810546875,150000
2019-02-19,19498.205810546875,150000
2019-02-20,19498.205810546875,150000
2019-02-21,19498.205810546875,150000
2019-02-22,19498.205810546875,150000
2019-02-25,19916.855884552002,150000
2019-02-26,15087.175537109375,155000
2019-02-27,15087.175537109375,155000
2019-02-28,15120.564990997314,155000
2019-03-01,15463.44515991211,155000
2019-03-04,15463.44515991211,155000
2019-03-05,15666.89444732666,155000
2019-03-06,15666.89444732666,155000
2019-03-07,15666.89444732666,155000
2019-03-08,15666.89444732666,155000
2019-03-11,15666.89444732666,155000
2019-03-12,15866.574806213379,155000
2019-03-13,15866.574806213379,155000
2019-03-14,15866.574806213379,155000
2019-03-15,16072.714630126953,155000
2019-03-18,16393.235260009766,155000
2019-03-19,16500.815238952637,155000
2019-03-20,16781.225299835205,155000
2019-03-21,16860.90517807007,155000
2019-03-22,16860.90517807007,155000
2019-03-25,16860.90517807007,155000
2019-03-26,17067.605430603027,155000
2019-03-27,17192.255199432373,155000
2019-03-28,17192.255199432373,155000
2019-03-29,17393.1847076416,155000
2019-04-01,17393.1847076416,155000
2019-04-02,17393.1847076416,155000
2019-04-03,17393.1847076416,155000
2019-04-04,17520.37406539917,155000
2019-04-05,17783.174312591553,155000
2019-04-08,17783.174312591553,155000
2019-04-09,17783.174312591553,155000
2019-04-10,17889.53435897827,155000
2019-04-11,18041.804122924805,155000
2019-04-12,18041.804122924805,155000
2019-04-15,18041.804122924805,155000
2019-04-16,18313.444458007812,155000
2019-04-17,18446.015071868896,155000
2019-04-18,18446.015071868896,155000
2019-04-22,18446.015071868896,155000
2019-04-23,18446.015071868896,155000
2019-04-24,18596.205394744873,155000
2019-04-25,18596.205394744873,155000
2019-04-26,18849.84550857544,155000
2019-04-29,18849.84550857544,155000
2019-04-30,19076.225708007812,155000
2019-05-01,19076.225708007812,155000
2019-05-02,19250.56559753418,155000
2019-05-03,19571.925170898438,155000
2019-05-06,19750.12526321411,155000
2019-05-07,19750.12526321411,155000
2019-05-08,19957.7854347229,155000
2019-05-09,15188.064517974854,160000
2019-05-10,15188.064517974854,160000
2019-05-13,15188.064517974854,160000
2019-05-14,15355.294536590576,160000
2019-05-15,15355.294536590576,160000
2019-05-16,15498.494609832764,160000
2019-05-17,15498.494609832764,160000
2019-05-20,15498.494609832764,160000
2019-05-21,15498.494609832764,160000
2019-05-22,15498.494609832764,160000
2019-05-23,15498.494609832764,160000
2019-05-24,15758.064575195312,160000
2019-05-28,15926.544368743896,160000
2019-05-29,16031.444080352783,160000
2019-05-30,16177.283855438232,160000
2019-05-31,16177.283855438232,160000
2019-06-03,16177.283855438232,160000
2019-06-04,16177.283855438232,160000
2019-06-05,16546.84357070923,160000
2019-06-06,16776.303497314453,160000
2019-06-07,16776.303497314453,160000
2019-06-10,16776.303497314453,160000
2019-06-11,16776.303497314453,160000
2019-06-12,16776.303497314453,160000
2019-06-13,16776.303497314453,160000
2019-06-14,16776.303497314453,160000
2019-06-17,16776.303497314453,160000
2019-06-18,17241.90364074707,160000
2019-06-19,17410.143592834473,160000
2019-06-20,17410.143592834473,160000
2019-06-21,17410.143592834473,160000
2019-06-24,17410.143592834473,160000
2019-06-25,17625.693393707275,160000
2019-06-26,17758.28330230713,160000
2019-06-27,17758.28330230713,160000
2019-06-28,18040.983154296875,160000
2019-07-01,18248.13291168213,160000
2019-07-02,18248.13291168213,160000
2019-07-03,18248.13291168213,160000
2019-07-05,18248.13291168213,160000
2019-07-08,18248.13291168213,160000
2019-07-09,18248.13291168213,160000
2019-07-10,18345.28249359131,160000
2019-07-11,18345.28249359131,160000
2019-07-12,18345.28249359131,160000
2019-07-15,18345.28249359131,160000
2019-07-16,18518.56240081787,160000
2019-07-17,18715.83221435547,160000
2019-07-18,18825.471660614014,160000
2019-07-19,19086.371627807617,160000
2019-07-22,19346.99151992798,160000
2019-07-23,19346.99151992798,160000
2019-07-24,19677.251167297363,160000
2019-07-25,19716.571083068848,160000
2019-07-26,19716.571083068848,160000
2019-07-29,19716.571083068848,160000
2019-07-30,19826.8814163208,160000
2019-07-31,19964.801155090332,160000
2019-08-01,19964.801155090332,160000
2019-08-02,15477.940505981445,165000
2019-08-05,15676.770683288574,165000
2019-08-06,15676.770683288574,165000
2019-08-07,15676.770683288574,165000
2019-08-08,15676.770683288574,165000
2019-08-09,15676.770683288574,165000
2019-08-12,15676.770683288574,165000
2019-08-13,15676.770683288574,165000
2019-08-14,15950.970455169678,165000
2019-08-15,15950.970455169678,165000
2019-08-16,16154.400798797607,165000
2019-08-19,16229.861167907715,165000
2019-08-20,16382.660884857178,165000
2019-08-21,16382.660884857178,165000
2019-08-22,16524.74058151245,165000
2019-08-23,16524.74058151245,165000
2019-08-26,16671.820583343506,165000
2019-08-27,16671.820583343506,165000
2019-08-28,16862.28046798706,165000
2019-08-29,16862.28046798706,165000
2019-08-30,17234.9210357666,165000
2019-09-03,17444.270797729492,165000
2019-09-04,17967.95051574707,165000
2019-09-05,18295.370277404785,165000
2019-09-06,18443.059982299805,165000
2019-09-09,18594.440101623535,165000
2019-09-10,18594.440101623535,165000
2019-09-11,18594.440101623535,165000
2019-09-12,18787.090419769287,165000
2019-09-13,18920.370639801025,165000
2019-09-16,19607.740921020508,165000
2019-09-17,19607.740921020508,165000
2019-09-18,19690.161556243896,165000
2019-09-19,19690.161556243896,165000
2019-09-20,19690.161556243896,165000
2019-09-23,19690.161556243896,165000
2019-09-24,19915.281581878662,165000
2019-09-25,19915.281581878662,165000
2019-09-26,19915.281581878662,165000
2019-09-27,19915.281581878662,165000
2019-09-30,19936.25205230713,165000
2019-10-01,15227.522388458252,170000
2019-10-02,15227.522388458252,170000
2019-10-03,15227.522388458252,170000
2019-10-04,15227.522388458252,170000
2019-10-07,15559.84264755249,170000
2019-10-08,15559.84264755249,170000
2019-10-09,15709.66247177124,170000
2019-10-10,15709.66247177124,170000
2019-10-11,15790.502117156982,170000
2019-10-14,15790.502117156982,170000
2019-10-15,15790.502117156982,170000
2019-10-16,15790.502117156982,170000
2019-10-17,15790.502117156982,170000
2019-10-18,15790.502117156982,170000
2019-10-21,15790.502117156982,170000
2019-10-22,15966.82229232788,170000
2019-10-23,15966.82229232788,170000
2019-10-24,15966.82229232788,170000
2019-10-25,15966.82229232788,170000
2019-10-28,16168.412048339844,170000
2019-10-29,16168.412048339844,170000
2019-10-30,16284.733051300049,170000
2019-10-31,16425.382915496826,170000
2019-11-01,16747.64309310913,170000
2019-11-04,16979.20330810547,170000
2019-11-05,17139.763515472412,170000
2019-11-06,17139.763515472412,170000
2019-11-07,17364.503833770752,170000
2019-11-08,17364.503833770752,170000
2019-11-11,17364.503833770752,170000
2019-11-12,17415.66328048706,170000
2019-11-13,17415.66328048706,170000
2019-11-14,17596.02339553833,170000
2019-11-15,17850.093700408936,170000
2019-11-18,18085.533767700195,170000
2019-11-19,18172.813648223877,170000
2019-11-20,18545.71374130249,170000
2019-11-21,18545.71374130249,170000
2019-11-22,18763.13383102417,170000
2019-11-25,18763.13383102417,170000
2019-11-26,18955.43436050415,170000
2019-11-27,18955.43436050415,170000
2019-11-29,18983.094066619873,170000
2019-12-02,19158.444576263428,170000
2019-12-03,19326.44521713257,170000
2019-12-04,19326.44521713257,170000
2019-12-05,19630.074642181396,170000
2019-12-06,19630.074642181396,170000
2019-12-09,19630.074642181396,170000
2019-12-10,19630.074642181396,170000
2019-12-11,19630.074642181396,170000
2019-12-12,19630.074642181396,170000
2019-12-13,19719.63480758667,170000
2019-12-16,19931.984630584717,170000
2019-12-17,19931.984630584717,170000
2019-12-18,19931.984630584717,170000
2019-12-19,15105.344783782959,175000
2019-12-20,15105.344783782959,175000
2019-12-23,15105.344783782959,175000
2019-12-24,15105.344783782959,175000
2019-12-26,15175.714950561523,175000
2019-12-27,15175.714950561523,175000
2019-12-30,15293.975322723389,175000
2019-12-31,15420.965320587158,175000
2020-01-02,15420.965320587158,175000
2020-01-03,15564.244892120361,175000
2020-01-06,15816.715003967285,175000
2020-01-07,15816.715003967285,175000
2020-01-08,15816.715003967285,175000
2020-01-09,15816.715003967285,175000
2020-01-10,15816.715003967285,175000
2020-01-13,15908.175556182861,175000
2020-01-14,16010.775329589844,175000
2020-01-15,16010.775329589844,175000
2020-01-16,16245.175106048584,175000
2020-01-17,16245.175106048584,175000
2020-01-21,16245.175106048584,175000
2020-01-22,16402.81560897827,175000
2020-01-23,16699.515628814697,175000
2020-01-24,16699.515628814697,175000
2020-01-27,16699.515628814697,175000
2020-01-28,17024.315181732178,175000
2020-01-29,17371.685173034668,175000
2020-01-30,17371.685173034668,175000
2020-01-31,17643.214847564697,175000
2020-02-03,17643.214847564697,175000
2020-02-04,17907.574741363525,175000
2020-02-05,17907.574741363525,175000
2020-02-06,17907.574741363525,175000
2020-02-07,17907.574741363525,175000
2020-02-10,18219.02477645874,175000
2020-02-11,18219.02477645874,175000
2020-02-12,18361.824825286865,175000
2020-02-13,18565.884769439697,175000
2020-02-14,18565.884769439697,175000
2020-02-18,18565.884769439697,175000
2020-02-19,18565.884769439697,175000
2020-02-20,18737.26519393921,175000
2020-02-21,18897.585041046143,175000
2020-02-24,19171.8250579834,175000
2020-02-25,19171.8250579834,175000
2020-02-26,19171.8250579834,175000
2020-02-27,19171.8250579834,175000
2020-02-28,19171.8250579834,175000
2020-03-02,19171.8250579834,175000
2020-03-03,19671.78532409668,175000
2020-03-04,15628.105102539062,180000
2020-03-05,16309.615257263184,180000
2020-03-06,16309.615257263184,180000
2020-03-09,17478.16527748108,180000
2020-03-10,17478.16527748108,180000
2020-03-11,17478.16527748108,180000
2020-03-12,17478.16527748108,180000
2020-03-13,18188.39559364319,180000
2020-03-16,19614.595388412476,180000
2020-03-17,19614.595388412476,180000
2020-03-18,15438.976026535034,185000
2020-03-19,15438.976026535034,185000
2020-03-20,18719.495527267456,185000
2020-03-23,18719.495527267456,185000
2020-03-24,19186.89545249939,185000
2020-03-25,15225.194955825806,190000
2020-03-26,15225.194955825806,190000
2020-03-27,16033.174858093262,190000
2020-03-30,17449.2043800354,190000
2020-03-31,18167.26424407959,190000
2020-04-01,19621.134174346924,190000
2020-04-02,19621.134174346924,190000
2020-04-03,19961.093967437744,190000
2020-04-06,15798.883947372437,195000
2020-04-07,15798.883947372437,195000
2020-04-08,15798.883947372437,195000
2020-04-09,17481.684190750122,195000
2020-04-13,17481.684190750122,195000
2020-04-14,17968.524618148804,195000
2020-04-15,18991.484434127808,195000
2020-04-16,18991.484434127808,195000
2020-04-17,18991.484434127808,195000
2020-04-20,18991.484434127808,195000
2020-04-21,18991.484434127808,195000
2020-04-22,18991.484434127808,195000
2020-04-23,15031.485029220581,200000
2020-04-24,15753.504571914673,200000
2020-04-27,17722.674376487732,200000
2020-04-28,19301.254858970642,200000
2020-04-29,19301.254858970642,200000
2020-04-30,15318.795275688171,205000
2020-05-01,15318.795275688171,205000
2020-05-04,15318.795275688171,205000
2020-05-05,15726.595858573914,205000
2020-05-06,17148.495787620544,205000
2020-05-07,17148.495787620544,205000
2020-05-08,17148.495787620544,205000
2020-05-11,17899.515904426575,205000
2020-05-12,18512.47668170929,205000
2020-05-13,18512.47668170929,205000
2020-05-14,18512.47668170929,205000
2020-05-15,18818.766463279724,205000
2020-05-18,15245.955889701843,210000
2020-05-19,15692.465453147888,210000
2020-05-20,16258.855303764343,210000
2020-05-21,16258.855303764343,210000
2020-05-22,16650.965275764465,210000
2020-05-26,17288.735188484192,210000
2020-05-27,17288.735188484192,210000
2020-05-28,17288.735188484192,210000
2020-05-29,17288.735188484192,210000
2020-06-01,17288.735188484192,210000
2020-06-02,17288.735188484192,210000
2020-06-03,17864.835103034973,210000
2020-06-04,17864.835103034973,210000
2020-06-05,17864.835103034973,210000
2020-06-08,17864.835103034973,210000
2020-06-09,19113.5553483963,210000
2020-06-10,19113.5553483963,210000
2020-06-11,19113.5553483963,210000
2020-06-12,19113.5553483963,210000
2020-06-15,19113.5553483963,210000
2020-06-16,19837.23552417755,210000
2020-06-17,19837.23552417755,210000
2020-06-18,15833.935803413391,215000
2020-06-19,15833.935803413391,215000
2020-06-22,16198.226271629333,215000
2020-06-23,16198.226271629333,215000
2020-06-24,16198.226271629333,215000
2020-06-25,16198.226271629333,215000
2020-06-26,16198.226271629333,215000
2020-06-29,16198.226271629333,215000
2020-06-30,16198.226271629333,215000
2020-07-01,16198.226271629333,215000
2020-07-02,16198.226271629333,215000
2020-07-06,16348.616713523865,215000
2020-07-07,16348.616713523865,215000
2020-07-08,16524.226756095886,215000
2020-07-09,16524.226756095886,215000
2020-07-10,16524.226756095886,215000
2020-07-13,16524.226756095886,215000
2020-07-14,16524.226756095886,215000
2020-07-15,16524.226756095886,215000
2020-07-16,16820.827311515808,215000
2020-07-17,16820.827311515808,215000
2020-07-20,17236.317383766174,215000
2020-07-21,17360.727465629578,215000
2020-07-22,17450.77644252777,215000
2020-07-23,17450.77644252777,215000
2020-07-24,17772.826563835144,215000
2020-07-27,18163.466822624207,215000
2020-07-28,18163.466822624207,215000
2020-07-29,18163.466822624207,215000
2020-07-30,18700.197226524353,215000
2020-07-31,19013.457816123962,215000
2020-08-03,19112.31890964508,215000
2020-08-04,19409.718764305115,215000
2020-08-05,19409.718764305115,215000
2020-08-06,19409.718764305115,215000
2020-08-07,19660.67933177948,215000
2020-08-10,19922.03917980194,215000
2020-08-11,19922.03917980194,215000
2020-08-12,15211.92892742157,220000
2020-08-13,15211.92892742157,220000
2020-08-14,15600.268961906433,220000
2020-08-17,15600.268961906433,220000
2020-08-18,15839.969693183899,220000
2020-08-19,15839.969693183899,220000
2020-08-20,15953.959038734436,220000
2020-08-21,15953.959038734436,220000
2020-08-24,16076.25894832611,220000
2020-08-25,16146.239285469055,220000
2020-08-26,16880.178681373596,220000
2020-08-27,16880.178681373596,220000
2020-08-28,17011.17877292633,220000
2020-08-31,17011.17877292633,220000
2020-09-01,17018.978207588196,220000
2020-09-02,17018.978207588196,220000
2020-09-03,17018.978207588196,220000
2020-09-04,17018.978207588196,220000
2020-09-08,17519.287470817566,220000
2020-09-09,18119.916895866394,220000
2020-09-10,18119.916895866394,220000
2020-09-11,18474.17730808258,220000
2020-09-14,18611.99803829193,220000
2020-09-15,19033.297503471375,220000
2020-09-16,19316.167983055115,220000
2020-09-17,19316.167983055115,220000
2020-09-18,19316.167983055115,220000
2020-09-21,19316.167983055115,220000
2020-09-22,19316.167983055115,220000
2020-09-23,19641.707785606384,220000
2020-09-24,19821.287192344666,220000
2020-09-25,19821.287192344666,220000
2020-09-28,19821.287192344666,220000
2020-09-29,15507.917155265808,225000
2020-09-30,15962.937056541443,225000
2020-10-01,15962.937056541443,225000
2020-10-02,15962.937056541443,225000
2020-10-05,15962.937056541443,225000
2020-10-06,15962.937056541443,225000
2020-10-07,15962.937056541443,225000
2020-10-08,16667.20756816864,225000
2020-10-09,16975.33867931366,225000
2020-10-12,17141.6484708786,225000
2020-10-13,17442.89871120453,225000
2020-10-14,17442.89871120453,225000
2020-10-15,17592.859351158142,225000
2020-10-16,17592.859351158142,225000
2020-10-19,17592.859351158142,225000
2020-10-20,17592.859351158142,225000
2020-10-21,17592.859351158142,225000
2020-10-22,17911.419501304626,225000
2020-10-23,17911.419501304626,225000
2020-10-26,17911.419501304626,225000
2020-10-27,18159.74005794525,225000
2020-10-28,18159.74005794525,225000
2020-10-29,18159.74005794525,225000
2020-10-30,18159.74005794525,225000
2020-11-02,18159.74005794525,225000
2020-11-03,18159.74005794525,225000
2020-11-04,18351.13947200775,225000
2020-11-05,18559.358971595764,225000
2020-11-06,18849.59823703766,225000
2020-11-09,18849.59823703766,225000
2020-11-10,18849.59823703766,225000
2020-11-11,19766.968411445618,225000
2020-11-12,19766.968411445618,225000
2020-11-13,15286.518467903137,230000
2020-11-16,15286.518467903137,230000
2020-11-17,15686.688294410706,230000
2020-11-18,15686.688294410706,230000
2020-11-19,15686.688294410706,230000
2020-11-20,15686.688294410706,230000
2020-11-23,15686.688294410706,230000
2020-11-24,15686.688294410706,230000
2020-11-25,16063.878293037415,230000
2020-11-27,16063.878293037415,230000
2020-11-30,16264.878792762756,230000
2020-12-01,16565.858300209045,230000
2020-12-02,16565.858300209045,230000
2020-12-03,16610.138627052307,230000
2020-12-04,17110.598622322083,230000
2020-12-07,17110.598622322083,230000
2020-12-08,17425.54866886139,230000
2020-12-09,17425.54866886139,230000
2020-12-10,17425.54866886139,230000
2020-12-11,17425.54866886139,230000
2020-12-14,17425.54866886139,230000
2020-12-15,17425.54866886139,230000
2020-12-16,17451.548573493958,230000
2020-12-17,17859.44819355011,230000
2020-12-18,17859.44819355011,230000
2020-12-21,18128.157998085022,230000
2020-12-22,18285.868027687073,230000
2020-12-23,18285.868027687073,230000
2020-12-24,18382.687554359436,230000
2020-12-28,18881.30790424347,230000
2020-12-29,19112.687626838684,230000
2020-12-30,19196.96806049347,230000
2020-12-31,19196.96806049347,230000
2021-01-04,19782.089093208313,230000
2021-01-05,15443.45946598053,235000
2021-01-06,15570.668637275696,235000
2021-01-07,15860.817868232727,235000
2021-01-08,15860.817868232727,235000
2021-01-11,15860.817868232727,235000
2021-01-12,15946.088116645813,235000
2021-01-13,16200.067841529846,235000
2021-01-14,16200.067841529846,235000
2021-01-15,16200.067841529846,235000
2021-01-19,16614.827668190002,235000
2021-01-20,16614.827668190002,235000
2021-01-21,16764.307923316956,235000
2021-01-22,16925.518525123596,235000
2021-01-25,17236.169095039368,235000
2021-01-26,17380.248700141907,235000
2021-01-27,17380.248700141907,235000
2021-01-28,17656.60900592804,235000
2021-01-29,17865.16886997223,235000
2021-02-01,17865.16886997223,235000
2021-02-02,17865.16886997223,235000
2021-02-03,18061.48973941803,235000
2021-02-04,18309.109524726868,235000
2021-02-05,18309.109524726868,235000
2021-02-08,18309.109524726868,235000
2021-02-09,18309.109524726868,235000
2021-02-10,18309.109524726868,235000
2021-02-11,18309.109524726868,235000
2021-02-12,18309.109524726868,235000
2021-02-16,18309.109524726868,235000
2021-02-17,18585.62977695465,235000
2021-02-18,18585.62977695465,235000
2021-02-19,18709.160141944885,235000
2021-02-22,18709.160141944885,235000
2021-02-23,19140.080189704895,235000
2021-02-24,19140.080189704895,235000
2021-02-25,19140.080189704895,235000
2021-02-26,19140.080189704895,235000
2021-03-01,19596.940236091614,235000
2021-03-02,19596.940236091614,235000
2021-03-03,19596.940236091614,235000
2021-03-04,19596.940236091614,235000
2021-03-05,19596.940236091614,235000
2021-03-08,19596.940236091614,235000
2021-03-09,19596.940236091614,235000
2021-03-10,19596.940236091614,235000
2021-03-11,19596.940236091614,235000
2021-03-12,19822.02970600128,235000
2021-03-15,15142.889897346497,240000
2021-03-16,15262.600144386292,240000
2021-03-17,15572.099709510803,240000
2021-03-18,16064.599617958069,240000
2021-03-19,16064.599617958069,240000
2021-03-22,16064.599617958069,240000
2021-03-23,16726.68933200836,240000
2021-03-24,16726.68933200836,240000
2021-03-25,17076.74897480011,240000
2021-03-26,17076.74897480011,240000
2021-03-29,17581.318440437317,240000
2021-03-30,17581.318440437317,240000
2021-03-31,17772.288407325745,240000
2021-04-01,17772.288407325745,240000
2021-04-05,17772.288407325745,240000
2021-04-06,17772.288407325745,240000
2021-04-07,17772.288407325745,240000
2021-04-08,17772.288407325745,240000
2021-04-09,18091.58839893341,240000
2021-04-12,18091.58839893341,240000
2021-04-13,18234.078122138977,240000
2021-04-14,18398.39799594879,240000
2021-04-15,18747.167813301086,240000
2021-04-16,18905.417813301086,240000
2021-04-19,18905.417813301086,240000
2021-04-20,19232.387860298157,240000
2021-04-21,19232.387860298157,240000
2021-04-22,19232.387860298157,240000
2021-04-23,19798.608136177063,240000
2021-04-26,19798.608136177063,240000
2021-04-27,19798.608136177063,240000
2021-04-28,19798.608136177063,240000
2021-04-29,19798.608136177063,240000
2021-04-30,15081.747067451477,245000
2021-05-03,15367.716389656067,245000
2021-05-04,15596.055829048157,245000
2021-05-05,15596.055829048157,245000
2021-05-06,15596.055829048157,245000
2021-05-07,15596.055829048157,245000
2021-05-10,15596.055829048157,245000
2021-05-11,15855.396000862122,245000
2021-05-12,15855.396000862122,245000
2021-05-13,16258.905716896057,245000
2021-05-14,16258.905716896057,245000
2021-05-17,16473.096653938293,245000
2021-05-18,16473.096653938293,245000
2021-05-19,16665.236966133118,245000
2021-05-20,16877.566891670227,245000
2021-05-21,16877.566891670227,245000
2021-05-24,16982.496426582336,245000
2021-05-25,17057.176449775696,245000
2021-05-26,17304.576577186584,245000
2021-05-27,17304.576577186584,245000
2021-05-28,17304.576577186584,245000
2021-06-01,17495.776551246643,245000
2021-06-02,17495.776551246643,245000
2021-06-03,17619.79713535309,245000
2021-06-04,17876.686940193176,245000
2021-06-07,17876.686940193176,245000
2021-06-08,17876.686940193176,245000
2021-06-09,17996.70787525177,245000
2021-06-10,18267.13798236847,245000
2021-06-11,18267.13798236847,245000
2021-06-14,18438.857602119446,245000
2021-06-15,18438.857602119446,245000
2021-06-16,18438.857602119446,245000
2021-06-17,18643.537346839905,245000
2021-06-18,18643.537346839905,245000
2021-06-21,18748.536705970764,245000
2021-06-22,19075.80627155304,245000
2021-06-23,19111.20618915558,245000
2021-06-24,19111.20618915558,245000
2021-06-25,19182.966290473938,245000
2021-06-28,19448.885365486145,245000
2021-06-29,19448.885365486145,245000
2021-06-30,19659.77446460724,245000
2021-07-01,19800.233632087708,245000
2021-07-02,19963.982808113098,245000
2021-07-06,15062.962532997131,250000
2021-07-07,15201.76186466217,250000
2021-07-08,15201.76186466217,250000
2021-07-09,15328.752354621887,250000
2021-07-12,15590.112683296204,250000
2021-07-13,15590.112683296204,250000
2021-07-14,15590.112683296204,250000
2021-07-15,15590.112683296204,250000
2021-07-16,15590.112683296204,250000
2021-07-19,16285.082333564758,250000
2021-07-20,16956.24178791046,250000
2021-07-21,17206.44167804718,250000
2021-07-22,17718.010994911194,250000
2021-07-23,17718.010994911194,250000
2021-07-26,17718.010994911194,250000
2021-07-27,17718.010994911194,250000
2021-07-28,17718.010994911194,250000
2021-07-29,17718.010994911194,250000
2021-07-30,17897.39135837555,250000
2021-08-02,17897.39135837555,250000
2021-08-03,17897.39135837555,250000
2021-08-04,17897.39135837555,250000
2021-08-05,17897.39135837555,250000
2021-08-06,17897.39135837555,250000
2021-08-09,17897.39135837555,250000
2021-08-10,18201.921929359436,250000
2021-08-11,18201.921929359436,250000
2021-08-12,18560.82276248932,250000
2021-08-13,18650.603539466858,250000
2021-08-16,19001.963738441467,250000
2021-08-17,19001.963738441467,250000
2021-08-18,19001.963738441467,250000
2021-08-19,19325.36345767975,250000
2021-08-20,19325.36345767975,250000
2021-08-23,19325.36345767975,250000
2021-08-24,19456.63348865509,250000
2021-08-25,19456.63348865509,250000
2021-08-26,19456.63348865509,250000
2021-08-27,19661.31351184845,250000
2021-08-30,19661.31351184845,250000
2021-08-31,19947.753178596497,250000
2021-09-01,15631.932103157043,255000
2021-09-02,15861.672345161438,255000
2021-09-03,15861.672345161438,255000
2021-09-07,15861.672345161438,255000
2021-09-08,16158.722695350647,255000
2021-09-09,16462.992356300354,255000
2021-09-10,16964.5617685318,255000
2021-09-13,17379.042145729065,255000
2021-09-14,17379.042145729065,255000
2021-09-15,17749.322239875793,255000
2021-09-16,17749.322239875793,255000
2021-09-17,17749.322239875793,255000
2021-09-20,17902.561596870422,255000
2021-09-21,18210.04176044464,255000
2021-09-22,18531.591862678528,255000
2021-09-23,18531.591862678528,255000
2021-09-24,18774.120995521545,255000
2021-09-27,18774.120995521545,255000
2021-09-28,18774.120995521545,255000
2021-09-29,19182.112038612366,255000
2021-09-30,19590.42206287384,255000
2021-10-01,19744.192280769348,255000
2021-10-04,19894.871983528137,255000
2021-10-05,15300.36274433136,260000
2021-10-06,15300.36274433136,260000
2021-10-07,15300.36274433136,260000
2021-10-08,15514.162812232971,260000
2021-10-11,15698.683129310608,260000
2021-10-12,15845.54361820221,260000
2021-10-13,15990.69299030304,260000
2021-10-14,15990.69299030304,260000
2021-10-15,15990.69299030304,260000
2021-10-18,16188.942959785461,260000
2021-10-19,16188.942959785461,260000
2021-10-20,16322.932271003723,260000
2021-10-21,16322.932271003723,260000
2021-10-22,16322.932271003723,260000
2021-10-25,16556.82263278961,260000
2021-10-26,16556.82263278961,260000
2021-10-27,16765.67235660553,260000
2021-10-28,16765.67235660553,260000
2021-10-29,16765.67235660553,260000
2021-11-01,16915.811722755432,260000
2021-11-02,16915.811722755432,260000
2021-11-03,16915.811722755432,260000
2021-11-04,16995.691605567932,260000
2021-11-05,16995.691605567932,260000
2021-11-08,16995.691605567932,260000
2021-11-09,17245.57168674469,260000
2021-11-10,17245.57168674469,260000
2021-11-11,17398.011803627014,260000
2021-11-12,17521.81205844879,260000
2021-11-15,17521.81205844879,260000
2021-11-16,17707.3120470047,260000
2021-11-17,17707.3120470047,260000
2021-11-18,18169.941586494446,260000
2021-11-19,18693.851517677307,260000
2021-11-22,18693.851517677307,260000
2021-11-23,18928.331406593323,260000
2021-11-24,19160.841694831848,260000
2021-11-26,19507.792439460754,260000
2021-11-29,19507.792439460754,260000
2021-11-30,19507.792439460754,260000
2021-12-01,19507.792439460754,260000
2021-12-02,19507.792439460754,260000
2021-12-03,19960.151509284973,260000
2021-12-06,19960.151509284973,260000
2021-12-07,19960.151509284973,260000
2021-12-08,15351.161713600159,265000
2021-12-09,15351.161713600159,265000
2021-12-10,15351.161713600159,265000
2021-12-13,15351.161713600159,265000
2021-12-14,15351.161713600159,265000
2021-12-15,15351.161713600159,265000
2021-12-16,15438.3119058609,265000
2021-12-17,15818.90200138092,265000
2021-12-20,16481.872139930725,265000
2021-12-21,16481.872139930725,265000
2021-12-22,16481.872139930725,265000
2021-12-23,16893.872178077698,265000
2021-12-27,16893.872178077698,265000
2021-12-28,16893.872178077698,265000
2021-12-29,16893.872178077698,265000
2021-12-30,17186.012810707092,265000
2021-12-31,17186.012810707092,265000
2022-01-03,17186.012810707092,265000
2022-01-04,17292.713784217834,265000
2022-01-05,17292.713784217834,265000
2022-01-06,17292.713784217834,265000
2022-01-07,17292.713784217834,265000
2022-01-10,17292.713784217834,265000
2022-01-11,17292.713784217834,265000
2022-01-12,17292.713784217834,265000
2022-01-13,17546.263947486877,265000
2022-01-14,17988.663628578186,265000
2022-01-18,18338.703415870667,265000
2022-01-19,18338.703415870667,265000
2022-01-20,18457.58375644684,265000
2022-01-21,18457.58375644684,265000
2022-01-24,18457.58375644684,265000
2022-01-25,18976.444123268127,265000
2022-01-26,19576.56363773346,265000
2022-01-27,19576.56363773346,265000
2022-01-28,19924.363530158997,265000
2022-01-31,19924.363530158997,265000
2022-02-01,15407.103726387024,270000
2022-02-02,15945.323399543762,270000
2022-02-03,15945.323399543762,270000
2022-02-04,15945.323399543762,270000
2022-02-07,15945.323399543762,270000
2022-02-08,15945.323399543762,270000
2022-02-09,16124.273850440979,270000
2022-02-10,16124.273850440979,270000
2022-02-11,16124.273850440979,270000
2022-02-14,16124.273850440979,270000
2022-02-15,16124.273850440979,270000
2022-02-16,16124.273850440979,270000
2022-02-17,16477.633690834045,270000
2022-02-18,16793.663685798645,270000
2022-02-22,16793.663685798645,270000
2022-02-23,16981.303837776184,270000
2022-02-24,16981.303837776184,270000
2022-02-25,17354.583687782288,270000
2022-02-28,17354.583687782288,270000
2022-03-01,17354.583687782288,270000
2022-03-02,17354.583687782288,270000
2022-03-03,18073.50341129303,270000
2022-03-04,18073.50341129303,270000
2022-03-07,18073.50341129303,270000
2022-03-08,18561.964394569397,270000
2022-03-09,19926.35468006134,270000
2022-03-10,19926.35468006134,270000
2022-03-11,15673.954682350159,275000
2022-03-14,15673.954682350159,275000
2022-03-15,15673.954682350159,275000
2022-03-16,15673.954682350159,275000
2022-03-17,15673.954682350159,275000
2022-03-18,15673.954682350159,275000
2022-03-21,15673.954682350159,275000
2022-03-22,15673.954682350159,275000
2022-03-23,16361.324753761292,275000
2022-03-24,16808.574452400208,275000
2022-03-25,17321.874470710754,275000
2022-03-28,18163.594380378723,275000
2022-03-29,18730.984440803528,275000
2022-03-30,19079.704266548157,275000
2022-03-31,19079.704266548157,275000
2022-04-01,19267.27332019806,275000
2022-04-04,19267.27332019806,275000
2022-04-05,19267.27332019806,275000
2022-04-06,19267.27332019806,275000
2022-04-07,19691.773476600647,275000
2022-04-08,19691.773476600647,275000
2022-04-11,15371.663842201233,280000
2022-04-12,15371.663842201233,280000
2022-04-13,15740.523995399475,280000
2022-04-14,15740.523995399475,280000
2022-04-18,15740.523995399475,280000
2022-04-19,15740.523995399475,280000
2022-04-20,16070.9939661026,280000
2022-04-21,16255.033699989319,280000
2022-04-22,16255.033699989319,280000
2022-04-25,16796.114037513733,280000
2022-04-26,17490.67395877838,280000
2022-04-27,17787.434250831604,280000
2022-04-28,17889.214715003967,280000
2022-04-29,18448.714829444885,280000
2022-05-02,18893.493988990784,280000
2022-05-03,18893.493988990784,280000
2022-05-04,18893.493988990784,280000
2022-05-05,19408.953904151917,280000
2022-05-06,19408.953904151917,280000
2022-05-09,19408.953904151917,280000
2022-05-10,19408.953904151917,280000
2022-05-11,19408.953904151917,280000
2022-05-12,19733.034867286682,280000
2022-05-13,19733.034867286682,280000
2022-05-16,15060.25454044342,285000
2022-05-17,15442.534497261047,285000
2022-05-18,15684.77468585968,285000
2022-05-19,15684.77468585968,285000
2022-05-20,15684.77468585968,285000
2022-05-23,15920.854588508606,285000
2022-05-24,15920.854588508606,285000
2022-05-25,15920.854588508606,285000
2022-05-26,15920.854588508606,285000
2022-05-27,16272.704754829407,285000
2022-05-31,16272.704754829407,285000
2022-06-01,16319.624775886536,285000
2022-06-02,16319.624775886536,285000
2022-06-03,16490.324814796448,285000
2022-06-06,16821.344765663147,285000
2022-06-07,17171.574456214905,285000
2022-06-08,17399.96412754059,285000
2022-06-09,17399.96412754059,285000
2022-06-10,17861.133316993713,285000
2022-06-13,17861.133316993713,285000
2022-06-14,18233.73304462433,285000
2022-06-15,18233.73304462433,285000
2022-06-16,18233.73304462433,285000
2022-06-17,19125.79294681549,285000
2022-06-21,19714.94272327423,285000
2022-06-22,15545.672696113586,290000
2022-06-23,15923.582436561584,290000
2022-06-24,15923.582436561584,290000
2022-06-27,16205.94212436676,290000
2022-06-28,16699.382142066956,290000
2022-06-29,16699.382142066956,290000
2022-06-30,16699.382142066956,290000
2022-07-01,16699.382142066956,290000
2022-07-05,17842.071599006653,290000
2022-07-06,17842.071599006653,290000
2022-07-07,18368.84198284149,290000
2022-07-08,18368.84198284149,290000
2022-07-11,18602.12242412567,290000
2022-07-12,18869.382546424866,290000
2022-07-13,18869.382546424866,290000
2022-07-14,19573.762566566467,290000
2022-07-15,19886.971974372864,290000
2022-07-18,15134.642439842224,295000
2022-07-19,15134.642439842224,295000
2022-07-20,15134.642439842224,295000
2022-07-21,15297.45285320282,295000
2022-07-22,15388.623148918152,295000
2022-07-25,15726.683337211609,295000
2022-07-26,16059.322937965393,295000
2022-07-27,16059.322937965393,295000
2022-07-28,16059.322937965393,295000
2022-07-29,16059.322937965393,295000
2022-08-01,16059.322937965393,295000
2022-08-02,16269.862973213196,295000
2022-08-03,16269.862973213196,295000
2022-08-04,16514.97294330597,295000
2022-08-05,16514.97294330597,295000
2022-08-08,16514.97294330597,295000
2022-08-09,16514.97294330597,295000
2022-08-10,16514.97294330597,295000
2022-08-11,16514.97294330597,295000
2022-08-12,16761.333271980286,295000
2022-08-15,17199.444081306458,295000
2022-08-16,17299.84326648712,295000
2022-08-17,17636.153477668762,295000
2022-08-18,17636.153477668762,295000
2022-08-19,17636.153477668762,295000
2022-08-22,17854.174111366272,295000
2022-08-23,17854.174111366272,295000
2022-08-24,18050.004502296448,295000
2022-08-25,18521.964592933655,295000
2022-08-26,18744.303742408752,295000
2022-08-29,18744.303742408752,295000
2022-08-30,18744.303742408752,295000
2022-08-31,18744.303742408752,295000
2022-09-01,18744.303742408752,295000
2022-09-02,18744.303742408752,295000
2022-09-06,19465.783843040466,295000
2022-09-07,19465.783843040466,295000
2022-09-08,19465.783843040466,295000
2022-09-09,19465.783843040466,295000
2022-09-12,19465.783843040466,295000
2022-09-13,19808.203291893005,295000
2022-09-14,15149.503394126892,300000
2022-09-15,15149.503394126892,300000
2022-09-16,15149.503394126892,300000
2022-09-19,15149.503394126892,300000
2022-09-20,15149.503394126892,300000
2022-09-21,15149.503394126892,300000
2022-09-22,15367.103178977966,300000
2022-09-23,15858.243187904358,300000
2022-09-26,15858.243187904358,300000
2022-09-27,15858.243187904358,300000
2022-09-28,15876.482689857483,300000
2022-09-29,16238.43282032013,300000
2022-09-30,16315.782561302185,300000
2022-10-03,16722.841967582703,300000
2022-10-04,16817.832634925842,300000
2022-10-05,17208.07209300995,300000
2022-10-06,17208.07209300995,300000
2022-10-07,17208.07209300995,300000
2022-10-10,17570.432635307312,300000
2022-10-11,17959.332114219666,300000
2022-10-12,17959.332114219666,300000
2022-10-13,18921.052443504333,300000
2022-10-14,19688.652731895447,300000
2022-10-17,15004.653008460999,305000
2022-10-18,15271.553334236145,305000
2022-10-19,15777.553868293762,305000
2022-10-20,15777.553868293762,305000
2022-10-21,15777.553868293762,305000
2022-10-24,16187.75353717804,305000
2022-10-25,16187.75353717804,305000
2022-10-26,16187.75353717804,305000
2022-10-27,16187.75353717804,305000
2022-10-28,16187.75353717804,305000
2022-10-31,16187.75353717804,305000
2022-11-01,16427.45438861847,305000
2022-11-02,16427.45438861847,305000
2022-11-03,16588.35494709015,305000
2022-11-04,16588.35494709015,305000
2022-11-07,17024.28461742401,305000
2022-11-08,17024.28461742401,305000
2022-11-09,17128.71447277069,305000
2022-11-10,17382.155245780945,305000
2022-11-11,17382.155245780945,305000
2022-11-14,18061.814707756042,305000
2022-11-15,18494.03512096405,305000
2022-11-16,18719.6657705307,305000
2022-11-17,18719.6657705307,305000
2022-11-18,19186.866934776306,305000
2022-11-21,19186.866934776306,305000
2022-11-22,19186.866934776306,305000
2022-11-23,19186.866934776306,305000
2022-11-25,19186.866934776306,305000
2022-11-28,19186.866934776306,305000
2022-11-29,19186.866934776306,305000
2022-11-30,19186.866934776306,305000
2022-12-01,19637.25624370575,305000
2022-12-02,19637.25624370575,305000
2022-12-05,19756.57684612274,305000
2022-12-06,19865.246989250183,305000
2022-12-07,15202.327311515808,310000
2022-12-08,15307.277338981628,310000
2022-12-09,15699.396731376648,310000
2022-12-12,15699.396731376648,310000
2022-12-13,15950.396929740906,310000
2022-12-14,15950.396929740906,310000
2022-12-15,15950.396929740906,310000
2022-12-16,15950.396929740906,310000
2022-12-19,16289.937769889832,310000
2022-12-20,16481.908576011658,310000
2022-12-21,16532.68846797943,310000
2022-12-22,16818.71922969818,310000
2022-12-23,16818.71922969818,310000
2022-12-27,16818.71922969818,310000
2022-12-28,16818.71922969818,310000
2022-12-29,17100.3193731308,310000
2022-12-30,17100.3193731308,310000
2023-01-03,17819.479300498962,310000
2023-01-04,17884.37811565399,310000
2023-01-05,18287.807627677917,310000
2023-01-06,18895.15839290619,310000
2023-01-09,18895.15839290619,310000
2023-01-10,18895.15839290619,310000
2023-01-11,18895.15839290619,310000
2023-01-12,18895.15839290619,310000
2023-01-13,18895.15839290619,310000
2023-01-17,18895.15839290619,310000
2023-01-18,18895.15839290619,310000
2023-01-19,18895.15839290619,310000
2023-01-20,18895.15839290619,310000
2023-01-23,18895.15839290619,310000
2023-01-24,19303.158507347107,310000
2023-01-25,19443.028933525085,310000
2023-01-26,19443.028933525085,310000
2023-01-27,19961.389826774597,310000
2023-01-30,15065.72881603241,315000
2023-01-31,15065.72881603241,315000
2023-02-01,15405.249415397644,315000
2023-02-02,15405.249415397644,315000
2023-02-03,15471.479990959167,315000
2023-02-06,15748.85978603363,315000
2023-02-07,15748.85978603363,315000
2023-02-08,15871.419142723083,315000
2023-02-09,15871.419142723083,315000
2023-02-10,15871.419142723083,315000
2023-02-13,15944.978911399841,315000
2023-02-14,16073.478896141052,315000
2023-02-15,16073.478896141052,315000
2023-02-16,16162.549185752869,315000
2023-02-17,16344.548613548279,315000
2023-02-21,16344.548613548279,315000
2023-02-22,16344.548613548279,315000
2023-02-23,16730.258723258972,315000
2023-02-24,16802.638041496277,315000
2023-02-27,17010.517733573914,315000
2023-02-28,17183.297945976257,315000
2023-03-01,17264.737231254578,315000
2023-03-02,17264.737231254578,315000
2023-03-03,17264.737231254578,315000
2023-03-06,17264.737231254578,315000
2023-03-07,17681.106547355652,315000
2023-03-08,17929.55720806122,315000
2023-03-09,17929.55720806122,315000
2023-03-10,18153.398119926453,315000
2023-03-13,18153.398119926453,315000
2023-03-14,18153.398119926453,315000
2023-03-15,18153.398119926453,315000
2023-03-16,18153.398119926453,315000
2023-03-17,18711.097681999207,315000
2023-03-20,18711.097681999207,315000
2023-03-21,18711.097681999207,315000
2023-03-22,18827.28750896454,315000
2023-03-23,18827.28750896454,315000
2023-03-24,19510.55783367157,315000
2023-03-27,19510.55783367157,315000
2023-03-28,19778.888033866882,315000
2023-03-29,15084.978638648987,320000
2023-03-30,15276.838280677795,320000
2023-03-31,15276.838280677795,320000
2023-04-03,15276.838280677795,320000
2023-04-04,15276.838280677795,320000
2023-04-05,15276.838280677795,320000
2023-04-06,15276.838280677795,320000
2023-04-10,15557.478737831116,320000
2023-04-11,15557.478737831116,320000
2023-04-12,15557.478737831116,320000
2023-04-13,15557.478737831116,320000
2023-04-14,15798.978119850159,320000
2023-04-17,16203.56793308258,320000
2023-04-18,16203.56793308258,320000
2023-04-19,16203.56793308258,320000
2023-04-20,16261.948044776917,320000
2023-04-21,16440.457814216614,320000
2023-04-24,16440.457814216614,320000
2023-04-25,16760.19810962677,320000
2023-04-26,16760.19810962677,320000
2023-04-27,16760.19810962677,320000
2023-04-28,16790.6783952713,320000
2023-05-01,17056.54884815216,320000
2023-05-02,17103.908955574036,320000
2023-05-03,17291.25879383087,320000
2023-05-04,17932.118412971497,320000
2023-05-05,17932.118412971497,320000
2023-05-08,18105.84868335724,320000
2023-05-09,18282.408356666565,320000
2023-05-10,18282.408356666565,320000
2023-05-11,18371.788334846497,320000
2023-05-12,18371.788334846497,320000
2023-05-15,18371.788334846497,320000
2023-05-16,18595.91867160797,320000
2023-05-17,18950.268315315247,320000
2023-05-18,18950.268315315247,320000
2023-05-19,19086.348866462708,320000
2023-05-22,19336.62806415558,320000
2023-05-23,19611.988209724426,320000
2023-05-24,19732.579129219055,320000
2023-05-25,15235.25882434845,325000
2023-05-26,15536.179158210754,325000
2023-05-30,16124.749844551086,325000
2023-05-31,16327.64970111847,325000
2023-06-01,16769.809628486633,325000
2023-06-02,16769.809628486633,325000
2023-06-05,16769.809628486633,325000
2023-06-06,16769.809628486633,325000
2023-06-07,16970.56987476349,325000
2023-06-08,16970.56987476349,325000
2023-06-09,16985.579564094543,325000
2023-06-12,17046.179188728333,325000
2023-06-13,17458.279377937317,325000
2023-06-14,17458.279377937317,325000
2023-06-15,17803.759598731995,325000
2023-06-16,17803.759598731995,325000
2023-06-20,17803.759598731995,325000
2023-06-21,18092.148854255676,325000
2023-06-22,18556.408452033997,325000
2023-06-23,18556.408452033997,325000
2023-06-26,18678.408902168274,325000
2023-06-27,18678.408902168274,325000
2023-06-28,18678.408902168274,325000
2023-06-29,18678.408902168274,325000
2023-06-30,18678.408902168274,325000
2023-07-03,18678.408902168274,325000
2023-07-05,18678.408902168274,325000
2023-07-06,18678.408902168274,325000
2023-07-07,18678.408902168274,325000
2023-07-10,18678.408902168274,325000
2023-07-11,18678.408902168274,325000
2023-07-12,18678.408902168274,325000
2023-07-13,18678.408902168274,325000
2023-07-14,18678.408902168274,325000
2023-07-17,18678.408902168274,325000
2023-07-18,18678.408902168274,325000
2023-07-19,18970.9091424942,325000
2023-07-20,19087.808743476868,325000
2023-07-21,19087.808743476868,325000
2023-07-24,19087.808743476868,325000
2023-07-25,19087.808743476868,325000
2023-07-26,19235.76802921295,325000
2023-07-27,19235.76802921295,325000
2023-07-28,19347.377511024475,325000
2023-07-31,19447.457283973694,325000
2023-08-01,19596.74700641632,325000
2023-08-02,19596.74700641632,325000
2023-08-03,15014.436741828918,330000
2023-08-04,15080.796269416809,330000
2023-08-07,15232.266011238098,330000
2023-08-08,15232.266011238098,330000
2023-08-09,15232.266011238098,330000
2023-08-10,15232.266011238098,330000
2023-08-11,15498.86616230011,330000
2023-08-14,15627.415493965149,330000
2023-08-15,15627.415493965149,330000
2023-08-16,15627.415493965149,330000
2023-08-17,15953.895894050598,330000
2023-08-18,16009.385354042053,330000
2023-08-21,16190.59488773346,330000
2023-08-22,16190.59488773346,330000
2023-08-23,16190.59488773346,330000
2023-08-24,16447.31542301178,330000
2023-08-25,16697.61541080475,330000
2023-08-28,16697.61541080475,330000
2023-08-29,16836.235688209534,330000
2023-08-30,17015.75634098053,330000
2023-08-31,17015.75634098053,330000
2023-09-01,17015.75634098053,330000
2023-09-05,17238.236229896545,330000
2023-09-06,17396.176411628723,330000
2023-09-07,17576.805287361145,330000
2023-09-08,17576.805287361145,330000
2023-09-11,17696.18531513214,330000
2023-09-12,17696.18531513214,330000
2023-09-13,17829.81571674347,330000
2023-09-14,18097.496346473694,330000
2023-09-15,18205.13711643219,330000
2023-09-18,18391.43717288971,330000
2023-09-19,18826.007477760315,330000
2023-09-20,19096.247666358948,330000
2023-09-21,19096.247666358948,330000
2023-09-22,19414.667267799377,330000
2023-09-25,19559.427468299866,330000
2023-09-26,19559.427468299866,330000
2023-09-27,19730.878010749817,330000
2023-09-28,15086.237774848938,335000
2023-09-29,15086.237774848938,335000
2023-10-02,15086.237774848938,335000
2023-10-03,15306.647782325745,335000
2023-10-04,15306.647782325745,335000
2023-10-05,15306.647782325745,335000
2023-10-06,15306.647782325745,335000
2023-10-09,15306.647782325745,335000
2023-10-10,15306.647782325745,335000
2023-10-11,15452.288010597229,335000
2023-10-12,15452.288010597229,335000
2023-10-13,15969.388222694397,335000
2023-10-16,15969.388222694397,335000
2023-10-17,15969.388222694397,335000
2023-10-18,15969.388222694397,335000
2023-10-19,15969.388222694397,335000
2023-10-20,15969.388222694397,335000
2023-10-23,15969.388222694397,335000
2023-10-24,15969.388222694397,335000
2023-10-25,15969.388222694397,335000
2023-10-26,16223.228234291077,335000
2023-10-27,16223.228234291077,335000
2023-10-30,16616.47877597809,335000
2023-10-31,16955.848551750183,335000
2023-11-01,16955.848551750183,335000
2023-11-02,17203.578249931335,335000
2023-11-03,17203.578249931335,335000
2023-11-06,17203.578249931335,335000
2023-11-07,17203.578249931335,335000
2023-11-08,17463.618411064148,335000
2023-11-09,17463.618411064148,335000
2023-11-10,17463.618411064148,335000
2023-11-13,17463.618411064148,335000
2023-11-14,17790.028529167175,335000
2023-11-15,17790.028529167175,335000
2023-11-16,17939.61828136444,335000
2023-11-17,18486.5384016037,335000
2023-11-20,18486.5384016037,335000
2023-11-21,18644.63881969452,335000
2023-11-22,18644.63881969452,335000
2023-11-23,18894.357588768005,335000
2023-11-24,18894.357588768005,335000
2023-11-27,19053.018843650818,335000
2023-11-28,19313.449328422546,335000
2023-11-29,19499.499300956726,335000
2023-11-30,19499.499300956726,335000
2023-12-01,19597.979018211365,335000
2023-12-04,19669.829413414,335000
2023-12-05,19839.429816246033,335000
2023-12-06,19960.949278831482,335000
2023-12-07,19960.949278831482,335000
2023-12-08,15246.959822654724,340000
2023-12-11,15246.959822654724,340000
2023-12-12,15246.959822654724,340000
2023-12-13,15480.159567832947,340000
2023-12-14,15480.159567832947,340000
2023-12-15,15741.38909816742,340000
2023-12-18,15980.289290428162,340000
2023-12-19,16056.799612998962,340000
2023-12-20,16196.249804496765,340000
2023-12-21,16284.840006828308,340000
2023-12-22,16284.840006828308,340000
2023-12-26,16573.329810142517,340000
2023-12-27,16573.329810142517,340000
2023-12-28,16573.329810142517,340000
2023-12-29,16573.329810142517,340000
2024-01-02,16698.179839134216,340000
2024-01-03,16698.179839134216,340000
2024-01-04,16698.179839134216,340000
2024-01-05,16698.179839134216,340000
2024-01-08,16698.179839134216,340000
2024-01-09,16995.368929862976,340000
2024-01-10,16995.368929862976,340000
2024-01-11,17175.938723564148,340000
2024-01-12,17630.378436088562,340000
2024-01-16,17630.378436088562,340000
2024-01-17,17630.378436088562,340000
2024-01-18,17701.47735118866,340000
2024-01-19,18102.197024345398,340000
2024-01-22,18614.517687797546,340000
2024-01-23,18722.757349967957,340000
2024-01-24,18722.757349967957,340000
2024-01-25,18722.757349967957,340000
2024-01-26,18722.757349967957,340000
2024-01-29,18722.757349967957,340000
2024-01-30,18722.757349967957,340000
2024-01-31,18722.757349967957,340000
2024-02-01,18722.757349967957,340000
2024-02-02,18722.757349967957,340000
2024-02-05,18932.597094535828,340000
2024-02-06,18932.597094535828,340000
2024-02-07,19254.197024345398,340000
2024-02-08,19254.197024345398,340000
2024-02-09,19254.197024345398,340000
2024-02-12,19254.197024345398,340000
2024-02-13,19254.197024345398,340000
2024-02-14,19254.197024345398,340000
2024-02-15,19254.197024345398,340000
2024-02-16,19254.197024345398,340000
2024-02-20,19254.197024345398,340000
2024-02-21,19254.197024345398,340000
2024-02-22,19473.75698375702,340000
2024-02-23,19473.75698375702,340000
2024-02-26,19757.3769865036,340000
2024-02-27,19811.546607017517,340000
2024-02-28,19811.546607017517,340000
2024-02-29,19877.406714439392,340000
2024-03-01,15213.126563072205,345000
2024-03-04,15213.126563072205,345000
2024-03-05,15213.126563072205,345000
2024-03-06,15213.126563072205,345000
2024-03-07,15213.126563072205,345000
2024-03-08,15338.677519798279,345000
2024-03-11,15636.717238426208,345000
2024-03-12,15636.717238426208,345000
2024-03-13,15845.267386436462,345000
2024-03-14,15845.267386436462,345000
2024-03-15,15845.267386436462,345000
2024-03-18,15845.267386436462,345000
2024-03-19,15845.267386436462,345000
2024-03-20,15845.267386436462,345000
2024-03-21,15931.857008934021,345000
2024-03-22,15961.026785850525,345000
